date,region_id,region_name,ntl_sum,area_km2,light_density
2022-01-01,ATL,Atlanta,763883.330349803,10179.988816456855,75.03773767559723
2022-02-01,ATL,Atlanta,828619.705648005,10179.988816456855,81.39691708781328
2022-03-01,ATL,Atlanta,835500.9699355364,10179.988816456855,82.07287699421389
2022-04-01,ATL,Atlanta,794192.0571801066,10179.988816456855,78.01502256036125
2022-05-01,ATL,Atlanta,763207.9697700739,10179.988816456855,74.97139569900907
2022-06-01,ATL,Atlanta,744808.8813022375,10179.988816456855,73.16401763606929
2022-07-01,ATL,Atlanta,754291.9752163291,10179.988816456855,74.09556030129907
2022-08-01,ATL,Atlanta,738417.2873108983,10179.988816456855,72.5361589903892
2022-09-01,ATL,Atlanta,726557.8713335991,10179.988816456855,71.37118561064172
2022-10-01,ATL,Atlanta,753063.3749625087,10179.988816456855,73.97487252099089
2022-11-01,ATL,Atlanta,764299.3948358893,10179.988816456855,75.07860849516176
2022-12-01,ATL,Atlanta,848960.1897976995,10179.988816456855,83.39500220523622
2023-01-01,ATL,Atlanta,808271.6797255278,10179.988816456855,79.39809112745634
2023-02-01,ATL,Atlanta,810037.7262095809,10179.988816456855,79.57157329093359
2023-03-01,ATL,Atlanta,843728.744117856,10179.988816456855,82.88110717311336
2023-04-01,ATL,Atlanta,805520.5327244997,10179.988816456855,79.12784063399994
2023-05-01,ATL,Atlanta,794292.4052119255,10179.988816456855,78.02487994170302
2023-06-01,ATL,Atlanta,781199.0834239125,10179.988816456855,76.73869760652732
2023-07-01,ATL,Atlanta,771932.6998471618,10179.988816456855,75.82844281707501
2023-08-01,ATL,Atlanta,755992.6176837683,10179.988816456855,74.26261770166576
2023-09-01,ATL,Atlanta,768180.9775336981,10179.988816456855,75.4599038745372
2023-10-01,ATL,Atlanta,758493.3062316775,10179.988816456855,74.50826517662827
2023-11-01,ATL,Atlanta,833168.5091633201,10179.988816456855,81.84375485918308
2023-12-01,ATL,Atlanta,860580.4145337939,10179.988816456855,84.53647936651849
2024-01-01,ATL,Atlanta,871838.1163796186,10179.988816456855,85.64234520279777
2024-02-01,ATL,Atlanta,926828.85145998,10179.988816456855,91.04419151833241
2024-03-01,ATL,Atlanta,910232.34668082,10179.988816456855,89.41388473918053
2024-04-01,ATL,Atlanta,843050.5355485678,10179.988816456855,82.81448543299987
2024-05-01,ATL,Atlanta,815532.2044980526,10179.988816456855,80.11130652517737
2024-06-01,ATL,Atlanta,760212.5270979404,10179.988816456855,74.67714756906112
2024-07-01,ATL,Atlanta,803098.6485383809,10179.988816456855,78.88993426398471
2024-08-01,ATL,Atlanta,818425.2009373903,10179.988816456855,80.39549116344149
2024-09-01,ATL,Atlanta,811844.953823626,10179.988816456855,79.74910075649657
2024-10-01,ATL,Atlanta,829278.4149451256,10179.988816456855,81.46162337669011
2024-11-01,ATL,Atlanta,876563.2900719643,10179.988816456855,86.10650815793844
2024-12-01,ATL,Atlanta,957080.7504143715,10179.988816456855,94.01589409088206
2025-01-01,ATL,Atlanta,986871.7428523898,10179.988816456855,96.94232092446154
2025-02-01,ATL,Atlanta,995408.3463515043,10179.988816456855,97.78088800474303
2025-03-01,ATL,Atlanta,977225.6414102316,10179.988816456855,95.99476571432571
2025-04-01,ATL,Atlanta,939100.1140186191,10179.988816456855,92.24962138469941
2025-05-01,ATL,Atlanta,886495.438491106,10179.988816456855,87.08216231613217
2025-06-01,ATL,Atlanta,872108.3951285481,10179.988816456855,85.66889520730196
2025-07-01,ATL,Atlanta,860307.2004227042,10179.988816456855,84.5096410157093
2025-08-01,ATL,Atlanta,833669.3127942085,10179.988816456855,81.89294976891411
2025-09-01,ATL,Atlanta,872315.0103726983,10179.988816456855,85.68919142254103
2025-10-01,ATL,Atlanta,865421.0915552378,10179.988816456855,85.01198843717862
2025-11-01,ATL,Atlanta,897533.1952697635,10179.988816456855,88.16642252286383
2025-12-01,ATL,Atlanta,1006404.7148535848,10179.988816456855,98.86108256097907
2026-01-01,ATL,Atlanta,1016221.1623978615,10179.988816456855,99.82537119835042
2022-01-01,BAL,Baltimore,550987.7946901023,5268.972793991654,104.57214645678337
2022-02-01,BAL,Baltimore,409391.9762236476,5268.972793991654,77.69863163660436
2022-03-01,BAL,Baltimore,439143.6854259968,5268.972793991654,83.34521786234382
2022-04-01,BAL,Baltimore,388249.85737997293,5268.972793991654,73.68606226676751
2022-05-01,BAL,Baltimore,390866.8841353655,5268.972793991654,74.18274859590869
2022-06-01,BAL,Baltimore,394413.04412049055,5268.972793991654,74.85577541228719
2022-07-01,BAL,Baltimore,422244.74474298954,5268.972793991654,80.13796260714919
2022-08-01,BAL,Baltimore,385761.9756633043,5268.972793991654,73.21388641505204
2022-09-01,BAL,Baltimore,384064.94752061367,5268.972793991654,72.8918069113154
2022-10-01,BAL,Baltimore,379570.1834644973,5268.972793991654,72.03874423062709
2022-11-01,BAL,Baltimore,396370.77796797454,5268.972793991654,75.22733433354722
2022-12-01,BAL,Baltimore,452909.72980955243,5268.972793991654,85.957879745748
2023-01-01,BAL,Baltimore,425340.31985735893,5268.972793991654,80.72547277951132
2023-02-01,BAL,Baltimore,416174.33357170224,5268.972793991654,78.98585736602713
2023-03-01,BAL,Baltimore,412212.2820776105,5268.972793991654,78.23389836965316
2023-04-01,BAL,Baltimore,409076.38326078653,5268.972793991654,77.63873514914842
2023-05-01,BAL,Baltimore,406896.13606595993,5268.972793991654,77.2249453498705
2023-06-01,BAL,Baltimore,406966.23121085763,5268.972793991654,77.23824872941681
2023-07-01,BAL,Baltimore,401368.6107006371,5268.972793991654,76.17587457622254
2023-08-01,BAL,Baltimore,403489.84348607063,5268.972793991654,76.57846401222275
2023-09-01,BAL,Baltimore,386806.4637641758,5268.972793991654,73.41212013948169
2023-10-01,BAL,Baltimore,401580.6850563288,5268.972793991654,76.2161242347392
2023-11-01,BAL,Baltimore,389509.876411438,5268.972793991654,73.92520167414912
2023-12-01,BAL,Baltimore,423716.6308128834,5268.972793991654,80.41731232623908
2024-01-01,BAL,Baltimore,446708.5288564861,5268.972793991654,84.78095187089966
2024-02-01,BAL,Baltimore,457766.5931670368,5268.972793991654,86.87966536647141
2024-03-01,BAL,Baltimore,464638.5730728507,5268.972793991654,88.18390058925529
2024-04-01,BAL,Baltimore,431552.19185096025,5268.972793991654,81.90442591449141
2024-05-01,BAL,Baltimore,381451.204934746,5268.972793991654,72.39574388573892
2024-06-01,BAL,Baltimore,373735.71592867374,5268.972793991654,70.93141880611991
2024-07-01,BAL,Baltimore,382150.76767379045,5268.972793991654,72.52851411750824
2024-08-01,BAL,Baltimore,423850.811684898,5268.972793991654,80.44277855604531
2024-09-01,BAL,Baltimore,416333.8691134099,5268.972793991654,79.01613566655082
2024-10-01,BAL,Baltimore,404633.97178334,5268.972793991654,76.79560848079431
2024-11-01,BAL,Baltimore,432929.0081130862,5268.972793991654,82.1657323049317
2024-12-01,BAL,Baltimore,444832.325499475,5268.972793991654,84.42486664701113
2025-01-01,BAL,Baltimore,722970.2762205601,5268.972793991654,137.2127555953566
2025-02-01,BAL,Baltimore,501871.5031245053,5268.972793991654,95.25035006762653
2025-03-01,BAL,Baltimore,487579.1169949621,5268.972793991654,92.53779361908286
2025-04-01,BAL,Baltimore,461990.12579473853,5268.972793991654,87.68125094924723
2025-05-01,BAL,Baltimore,449896.0989350332,5268.972793991654,85.38592179638152
2025-06-01,BAL,Baltimore,431096.9969974905,5268.972793991654,81.81803434040913
2025-07-01,BAL,Baltimore,425769.74871358275,5268.972793991654,80.80697421689082
2025-08-01,BAL,Baltimore,426213.65454784036,5268.972793991654,80.8912232444743
2025-09-01,BAL,Baltimore,393151.47123000026,5268.972793991654,74.61634109751355
2025-10-01,BAL,Baltimore,421056.2745463848,5268.972793991654,79.91240247558807
2025-11-01,BAL,Baltimore,457770.9898326099,5268.972793991654,86.88049981101022
2025-12-01,BAL,Baltimore,466648.9454186857,5268.972793991654,88.56544978763556
2026-01-01,BAL,Baltimore,552576.2981854975,5268.972793991654,104.87362903365427
2022-01-01,BOS,Boston,473221.88062398136,5121.3290792398875,92.40216227116915
2022-02-01,BOS,Boston,543223.6879223585,5121.3290792398875,106.07084206410424
2022-03-01,BOS,Boston,383264.7752520442,5121.3290792398875,74.83697480126169
2022-04-01,BOS,Boston,337623.99310934544,5121.3290792398875,65.9250729420918
2022-05-01,BOS,Boston,308914.1661736071,5121.3290792398875,60.31914008920833
2022-06-01,BOS,Boston,298821.68917417526,5121.3290792398875,58.348464734573675
2022-07-01,BOS,Boston,288413.0815512538,5121.3290792398875,56.31606114131223
2022-08-01,BOS,Boston,299989.89744251966,5121.3290792398875,58.576571198788194
2022-09-01,BOS,Boston,266554.7320238352,5121.3290792398875,52.04796018759206
2022-10-01,BOS,Boston,297098.2611195147,5121.3290792398875,58.011945048376056
2022-11-01,BOS,Boston,302213.27054947615,5121.3290792398875,59.010711062201636
2022-12-01,BOS,Boston,368332.15279352665,5121.3290792398875,71.92120387003033
2023-01-01,BOS,Boston,490746.62788036466,5121.3290792398875,95.824076189457
2023-02-01,BOS,Boston,362834.4651106,5121.3290792398875,70.84771540680846
2023-03-01,BOS,Boston,413063.14968037605,5121.3290792398875,80.65545941087684
2023-04-01,BOS,Boston,310256.22390702367,5121.3290792398875,60.58119271512859
2023-05-01,BOS,Boston,309145.1895712912,5121.3290792398875,60.36425013664125
2023-06-01,BOS,Boston,275167.20147132874,5121.3290792398875,53.729646584665346
2023-07-01,BOS,Boston,299501.0078498721,5121.3290792398875,58.48110973066475
2023-08-01,BOS,Boston,294361.1964355111,5121.3290792398875,57.47750083640407
2023-09-01,BOS,Boston,270920.3525762558,5121.3290792398875,52.900399170690676
2023-10-01,BOS,Boston,284576.0177537203,5121.3290792398875,55.566829108344926
2023-11-01,BOS,Boston,317303.6629459858,5121.3290792398875,61.95728843753198
2023-12-01,BOS,Boston,320523.3585572243,5121.3290792398875,62.58597203927318
2024-01-01,BOS,Boston,428820.59197202325,5121.3290792398875,83.7322861579653
2024-02-01,BOS,Boston,406123.7237881124,5121.3290792398875,79.30045453130492
2024-03-01,BOS,Boston,325645.15718358755,5121.3290792398875,63.5860637238957
2024-04-01,BOS,Boston,327808.9113880694,5121.3290792398875,64.0085622923343
2024-05-01,BOS,Boston,322060.0455118418,5121.3290792398875,62.88602831975059
2024-06-01,BOS,Boston,297721.5093421042,5121.3290792398875,58.1336416261484
2024-07-01,BOS,Boston,284094.2468735948,5121.3290792398875,55.472757652933396
2024-08-01,BOS,Boston,301814.5577769559,5121.3290792398875,58.93285768344953
2024-09-01,BOS,Boston,302945.55204200745,5121.3290792398875,59.15369767391923
2024-10-01,BOS,Boston,300936.02250662446,5121.3290792398875,58.761313293948625
2024-11-01,BOS,Boston,320327.71273088455,5121.3290792398875,62.54776988055372
2024-12-01,BOS,Boston,342657.13611903787,5121.3290792398875,66.90785357028753
2025-01-01,BOS,Boston,532795.8042205572,5121.3290792398875,104.03467458873689
2025-02-01,BOS,Boston,568642.0269754827,5121.3290792398875,111.03407302619208
2025-03-01,BOS,Boston,354021.3799916208,5121.3290792398875,69.12685643004315
2025-04-01,BOS,Boston,367389.6883687051,5121.3290792398875,71.73717655793239
2025-05-01,BOS,Boston,341049.70050145406,5121.3290792398875,66.59398277762557
2025-06-01,BOS,Boston,332924.72566516045,5121.3290792398875,65.00748546206944
2025-07-01,BOS,Boston,314087.5112493336,5121.3290792398875,61.32929682697734
2025-08-01,BOS,Boston,300283.00342184305,5121.3290792398875,58.63380360365582
2025-09-01,BOS,Boston,301019.1348454356,5121.3290792398875,58.77754195989162
2025-10-01,BOS,Boston,298576.6267592013,5121.3290792398875,58.300613403174694
2025-11-01,BOS,Boston,320607.9586110413,5121.3290792398875,62.60249119914517
2025-12-01,BOS,Boston,364298.9962103665,5121.3290792398875,71.13368240426294
2026-01-01,BOS,Boston,631919.6645214111,5121.3290792398875,123.3897792436336
2022-01-01,CHI,Chicago,2230758.398572892,11068.470347955108,201.54170616584096
2022-02-01,CHI,Chicago,2029948.7389089763,11068.470347955108,183.39921191404807
2022-03-01,CHI,Chicago,1369802.1746631265,11068.470347955108,123.75713459956067
2022-04-01,CHI,Chicago,1474233.7228227258,11068.470347955108,133.19218252186846
2022-05-01,CHI,Chicago,1362106.1019236222,11068.470347955108,123.06181966465405
2022-06-01,CHI,Chicago,1266432.7455809712,11068.470347955108,114.41804565297893
2022-07-01,CHI,Chicago,1286948.6703745127,11068.470347955108,116.27159218186598
2022-08-01,CHI,Chicago,1278152.5776416063,11068.470347955108,115.4768940477619
2022-09-01,CHI,Chicago,1236463.955987364,11068.470347955108,111.71046378741936
2022-10-01,CHI,Chicago,1269138.5822652578,11068.470347955108,114.6625091243733
2022-11-01,CHI,Chicago,1427211.3879312873,11068.470347955108,128.9438687609588
2022-12-01,CHI,Chicago,1667241.1650474072,11068.470347955108,150.62977201320584
2023-01-01,CHI,Chicago,1509649.3837908506,11068.470347955108,136.3918713546319
2023-02-01,CHI,Chicago,1930488.9734117389,11068.470347955108,174.41334825172075
2023-03-01,CHI,Chicago,1541899.9069559872,11068.470347955108,139.30560036607517
2023-04-01,CHI,Chicago,1503345.6418379545,11068.470347955108,135.8223489405378
2023-05-01,CHI,Chicago,1354782.321830213,11068.470347955108,122.40014014949303
2023-06-01,CHI,Chicago,1344073.1189242005,11068.470347955108,121.43259878475594
2023-07-01,CHI,Chicago,1335066.2155539095,11068.470347955108,120.61885460085838
2023-08-01,CHI,Chicago,1305308.970790267,11068.470347955108,117.93038511698428
2023-09-01,CHI,Chicago,1320568.4021146894,11068.470347955108,119.30902469812943
2023-10-01,CHI,Chicago,1299654.7414850146,11068.470347955108,117.41954404071063
2023-11-01,CHI,Chicago,1370750.5830108523,11068.470347955108,123.84282018373908
2023-12-01,CHI,Chicago,1343506.7780835629,11068.470347955108,121.38143174695993
2024-01-01,CHI,Chicago,1577027.005573064,11068.470347955108,142.47921853668052
2024-02-01,CHI,Chicago,1444683.6165686846,11068.470347955108,130.52242732308434
2024-03-01,CHI,Chicago,1514900.9076040685,11068.470347955108,136.8663293102597
2024-04-01,CHI,Chicago,1411488.6750454903,11068.470347955108,127.5233732099451
2024-05-01,CHI,Chicago,1323671.2899731398,11068.470347955108,119.58936044109176
2024-06-01,CHI,Chicago,1214598.3290055394,11068.470347955108,109.73497609178992
2024-07-01,CHI,Chicago,1297478.9336806983,11068.470347955108,117.22296694054084
2024-08-01,CHI,Chicago,1360112.502225006,11068.470347955108,122.881704469334
2024-09-01,CHI,Chicago,1336928.6539916992,11068.470347955108,120.78711980636925
2024-10-01,CHI,Chicago,1351756.0195203424,11068.470347955108,122.1267236597041
2024-11-01,CHI,Chicago,1550137.8792926073,11068.470347955108,140.04987415257378
2024-12-01,CHI,Chicago,1621743.3270052373,11068.470347955108,146.51919154346862
2025-01-01,CHI,Chicago,2164618.5087480545,11068.470347955108,195.56618400734715
2025-02-01,CHI,Chicago,1980425.6558040679,11068.470347955108,178.92496375255232
2025-03-01,CHI,Chicago,1586729.8472178578,11068.470347955108,143.3558384615454
2025-04-01,CHI,Chicago,1549611.4052545577,11068.470347955108,140.00230894965964
2025-05-01,CHI,Chicago,1461092.9095471539,11068.470347955108,132.0049531340245
2025-06-01,CHI,Chicago,1435659.2409224203,11068.470347955108,129.707104576348
2025-07-01,CHI,Chicago,1414834.7928117216,11068.470347955108,127.82568397747131
2025-08-01,CHI,Chicago,1410658.7381935716,11068.470347955108,127.44839113691891
2025-09-01,CHI,Chicago,1383545.5760748982,11068.470347955108,124.99880584949187
2025-10-01,CHI,Chicago,1439179.9857100844,11068.470347955108,130.02519232262043
2025-11-01,CHI,Chicago,1473256.3305956125,11068.470347955108,133.1038783392319
2025-12-01,CHI,Chicago,1995234.4763927907,11068.470347955108,180.2628921313783
2026-01-01,CHI,Chicago,1987102.394533448,11068.470347955108,179.52818520226361
2022-01-01,CLT,Charlotte,437898.268861115,5245.678366658043,83.47791043469837
2022-02-01,CLT,Charlotte,332964.89855885506,5245.678366658043,63.47413533304042
2022-03-01,CLT,Charlotte,376658.9989244342,5245.678366658043,71.80367773184672
2022-04-01,CLT,Charlotte,338428.0532826781,5245.678366658043,64.51559352814199
2022-05-01,CLT,Charlotte,322618.94303429127,5245.678366658043,61.50185361818662
2022-06-01,CLT,Charlotte,322049.4819496274,5245.678366658043,61.39329547854096
2022-07-01,CLT,Charlotte,316430.6595016718,5245.678366658043,60.32216186050039
2022-08-01,CLT,Charlotte,300629.5534989238,5245.678366658043,57.3099478248132
2022-09-01,CLT,Charlotte,296750.9663411379,5245.678366658043,56.57056067854085
2022-10-01,CLT,Charlotte,309291.01175123453,5245.678366658043,58.96110857980033
2022-11-01,CLT,Charlotte,318143.5478836298,5245.678366658043,60.64869510600878
2022-12-01,CLT,Charlotte,357585.9386855364,5245.678366658043,68.16772087255322
2023-01-01,CLT,Charlotte,329768.58824789524,5245.678366658043,62.864812746418295
2023-02-01,CLT,Charlotte,342622.22582405806,5245.678366658043,65.31514169869672
2023-03-01,CLT,Charlotte,350608.6259755492,5245.678366658043,66.83761402606116
2023-04-01,CLT,Charlotte,330158.87812435627,5245.678366658043,62.939214920776095
2023-05-01,CLT,Charlotte,295843.92001998425,5245.678366658043,56.397647614156476
2023-06-01,CLT,Charlotte,301452.777620852,5245.678366658043,57.46688160237011
2023-07-01,CLT,Charlotte,293980.64780414104,5245.678366658043,56.04244623015888
2023-08-01,CLT,Charlotte,310725.31475812197,5245.678366658043,59.23453422785454
2023-09-01,CLT,Charlotte,298898.1392249465,5245.678366658043,56.97988293082689
2023-10-01,CLT,Charlotte,313730.57345944643,5245.678366658043,59.807436051272866
2023-11-01,CLT,Charlotte,341471.88074338436,5245.678366658043,65.0958478342491
2023-12-01,CLT,Charlotte,373317.9428562522,5245.678366658043,71.16676181084439
2024-01-01,CLT,Charlotte,370243.3829242587,5245.678366658043,70.58064887804706
2024-02-01,CLT,Charlotte,360622.88980698586,5245.678366658043,68.74666432069762
2024-03-01,CLT,Charlotte,379508.96693855524,5245.678366658043,72.3469760080498
2024-04-01,CLT,Charlotte,326152.6747326851,5245.678366658043,62.1754998944918
2024-05-01,CLT,Charlotte,318851.699326694,5245.678366658043,60.78369222050312
2024-06-01,CLT,Charlotte,300226.3358736038,5245.678366658043,57.23308119343854
2024-07-01,CLT,Charlotte,276032.36828899384,5245.678366658043,52.62090982235547
2024-08-01,CLT,Charlotte,322547.3481075838,5245.678366658043,61.488205254390145
2024-09-01,CLT,Charlotte,325830.5810615588,5245.678366658043,62.11409817509293
2024-10-01,CLT,Charlotte,328709.50208830833,5245.678366658043,62.662915854241575
2024-11-01,CLT,Charlotte,340313.7744935155,5245.678366658043,64.8750744339526
2024-12-01,CLT,Charlotte,375025.377050519,5245.678366658043,71.49225530757103
2025-01-01,CLT,Charlotte,394485.7817879319,5245.678366658043,75.20205285465376
2025-02-01,CLT,Charlotte,387345.69698369503,5245.678366658043,73.84091625702706
2025-03-01,CLT,Charlotte,412837.38611102104,5245.678366658043,78.70047632638877
2025-04-01,CLT,Charlotte,363436.95470774174,5245.678366658043,69.28311827461182
2025-05-01,CLT,Charlotte,368050.85771507025,5245.678366658043,70.16268097076468
2025-06-01,CLT,Charlotte,362820.95573967695,5245.678366658043,69.16568847335292
2025-07-01,CLT,Charlotte,348104.5857771039,5245.678366658043,66.3602610464425
2025-08-01,CLT,Charlotte,347392.74203902483,5245.678366658043,66.22456005825315
2025-09-01,CLT,Charlotte,336535.2237684727,5245.678366658043,64.15475754432788
2025-10-01,CLT,Charlotte,336088.9781422615,5245.678366658043,64.06968835117118
2025-11-01,CLT,Charlotte,378404.7633815408,5245.678366658043,72.13647824592375
2025-12-01,CLT,Charlotte,408776.6364316344,5245.678366658043,77.92636297144176
2026-01-01,CLT,Charlotte,389070.7240692377,5245.678366658043,74.1697635413949
2022-01-01,DEN,Denver,633209.5086792111,9135.045999177275,69.3165101452406
2022-02-01,DEN,Denver,734629.4916411638,9135.045999177275,80.418805959743
2022-03-01,DEN,Denver,498103.31220698357,9135.045999177275,54.52663426673976
2022-04-01,DEN,Denver,442119.32129210234,9135.045999177275,48.398149427153484
2022-05-01,DEN,Denver,441904.1707726717,9135.045999177275,48.37459721740544
2022-06-01,DEN,Denver,421310.480935514,9135.045999177275,46.12023639218218
2022-07-01,DEN,Denver,416661.6796015501,9135.045999177275,45.611338972904534
2022-08-01,DEN,Denver,392616.38114380836,9135.045999177275,42.97913564739229
2022-09-01,DEN,Denver,396666.21561431885,9135.045999177275,43.42246504834717
2022-10-01,DEN,Denver,411146.86672639847,9135.045999177275,45.00764054865486
2022-11-01,DEN,Denver,443003.8783649206,9135.045999177275,48.49498058409543
2022-12-01,DEN,Denver,469085.22547775507,9135.045999177275,51.35006715018206
2023-01-01,DEN,Denver,736177.9653035402,9135.045999177275,80.58831508564295
2023-02-01,DEN,Denver,497804.31131386757,9135.045999177275,54.493903080367744
2023-03-01,DEN,Denver,447063.2552008629,9135.045999177275,48.93935457370729
2023-04-01,DEN,Denver,500421.2408975959,9135.045999177275,54.7803744986796
2023-05-01,DEN,Denver,440435.8666244149,9135.045999177275,48.213864129866636
2023-06-01,DEN,Denver,432744.4877766967,9135.045999177275,47.371900241736135
2023-07-01,DEN,Denver,427539.20766222477,9135.045999177275,46.8020859118531
2023-08-01,DEN,Denver,405143.53718680143,9135.045999177275,44.350464926316704
2023-09-01,DEN,Denver,396692.61403244734,9135.045999177275,43.42535484420927
2023-10-01,DEN,Denver,414667.7019315362,9135.045999177275,45.39306118095981
2023-11-01,DEN,Denver,506209.36168563366,9135.045999177275,55.413991536684556
2023-12-01,DEN,Denver,493692.59322303534,9135.045999177275,54.04379937085139
2024-01-01,DEN,Denver,464307.28882968426,9135.045999177275,50.82703347870399
2024-02-01,DEN,Denver,493079.8550475836,9135.045999177275,53.976723827333934
2024-03-01,DEN,Denver,472759.39131361246,9135.045999177275,51.752272660278926
2024-04-01,DEN,Denver,434525.45452171564,9135.045999177275,47.56686004217714
2024-05-01,DEN,Denver,426364.425475657,9135.045999177275,46.67348424015122
2024-06-01,DEN,Denver,398064.36446264386,9135.045999177275,43.575518338768575
2024-07-01,DEN,Denver,413257.098344028,9135.045999177275,45.238644488626214
2024-08-01,DEN,Denver,417369.480761081,9135.045999177275,45.688820920953255
2024-09-01,DEN,Denver,419719.11503732204,9135.045999177275,45.94603191654678
2024-10-01,DEN,Denver,421881.9878286123,9135.045999177275,46.18279840808772
2024-11-01,DEN,Denver,567596.8622717261,9135.045999177275,62.13399060309552
2024-12-01,DEN,Denver,506032.69632843137,9135.045999177275,55.39465224083228
2025-01-01,DEN,Denver,652041.3745813668,9135.045999177275,71.378006705176
2025-02-01,DEN,Denver,484152.01228863,9135.045999177275,52.999406060159295
2025-03-01,DEN,Denver,476698.11180245876,9135.045999177275,52.183438577692044
2025-04-01,DEN,Denver,486988.7779125571,9135.045999177275,53.30994260526072
2025-05-01,DEN,Denver,491485.48683696985,9135.045999177275,53.80219069298986
2025-06-01,DEN,Denver,476528.5048189163,9135.045999177275,52.164871951584445
2025-07-01,DEN,Denver,450788.3649522662,9135.045999177275,49.34713683903347
2025-08-01,DEN,Denver,426696.38054451346,9135.045999177275,46.70982287149324
2025-09-01,DEN,Denver,416537.3844591975,9135.045999177275,45.59773256716079
2025-10-01,DEN,Denver,428493.9789710641,9135.045999177275,46.90660331755914
2025-11-01,DEN,Denver,461748.2546477914,9135.045999177275,50.54689978456349
2025-12-01,DEN,Denver,489864.7141812444,9135.045999177275,53.624767103018726
2026-01-01,DEN,Denver,506010.419249773,9135.045999177275,55.39221360191789
2022-01-01,DET,Detroit,991161.419233501,8233.930206876415,120.37525146931057
2022-02-01,DET,Detroit,1092384.4733396769,8233.930206876415,132.66865833127807
2022-03-01,DET,Detroit,896066.3948611319,8233.930206876415,108.82608576312664
2022-04-01,DET,Detroit,923394.264089156,8233.930206876415,112.1450195579749
2022-05-01,DET,Detroit,746814.7463073228,8233.930206876415,90.69966923980411
2022-06-01,DET,Detroit,698639.66024369,8233.930206876415,84.84886836425137
2022-07-01,DET,Detroit,663722.4293882847,8233.930206876415,80.6082165760877
2022-08-01,DET,Detroit,653092.9998592138,8233.930206876415,79.31728633232709
2022-09-01,DET,Detroit,689582.3842815757,8233.930206876415,83.7488741045781
2022-10-01,DET,Detroit,891057.1794696152,8233.930206876415,108.21772313851594
2022-11-01,DET,Detroit,1069766.0113792121,8233.930206876415,129.9216758584882
2022-12-01,DET,Detroit,1386761.3261936903,8233.930206876415,168.42034014759588
2023-01-01,DET,Detroit,1120769.188959837,8233.930206876415,136.11594473121076
2023-02-01,DET,Detroit,983925.2039233744,8233.930206876415,119.4964226320096
2023-03-01,DET,Detroit,1116792.1238096654,8233.930206876415,135.6329353966344
2023-04-01,DET,Detroit,877192.0794609189,8233.930206876415,106.53382496834234
2023-05-01,DET,Detroit,768131.3063989952,8233.930206876415,93.28853744199878
2023-06-01,DET,Detroit,744264.7772741616,8233.930206876415,90.38997885269934
2023-07-01,DET,Detroit,779240.1487885714,8233.930206876415,94.63769174747235
2023-08-01,DET,Detroit,772552.8554856181,8233.930206876415,93.82552876637632
2023-09-01,DET,Detroit,866743.8722624183,8233.930206876415,105.26490393841
2023-10-01,DET,Detroit,826855.5707443953,8233.930206876415,100.42052215281859
2023-11-01,DET,Detroit,942254.8155579269,8233.930206876415,114.43560874137846
2023-12-01,DET,Detroit,926666.3885744214,8233.930206876415,112.54241477545352
2024-01-01,DET,Detroit,953886.8324596584,8233.930206876415,115.84830190363252
2024-02-01,DET,Detroit,864614.3916366398,8233.930206876415,105.00628131564353
2024-03-01,DET,Detroit,912027.8262122571,8233.930206876415,110.76458061917914
2024-04-01,DET,Detroit,875206.0826431215,8233.930206876415,106.29262826544354
2024-05-01,DET,Detroit,702259.633793354,8233.930206876415,85.28850939334836
2024-06-01,DET,Detroit,664284.678182736,8233.930206876415,80.67650095308932
2024-07-01,DET,Detroit,629408.8556708954,8233.930206876415,76.4408781538197
2024-08-01,DET,Detroit,747375.5755491722,8233.930206876415,90.76778121400825
2024-09-01,DET,Detroit,771311.6619964037,8233.930206876415,93.67478744867876
2024-10-01,DET,Detroit,974982.2906515598,8233.930206876415,118.41031757074177
2024-11-01,DET,Detroit,972946.518692214,8233.930206876415,118.1630757423321
2024-12-01,DET,Detroit,1134043.5769856423,8233.930206876415,137.72810170756205
2025-01-01,DET,Detroit,1191553.7758605778,8233.930206876415,144.71263976290126
2025-02-01,DET,Detroit,1247855.4080448747,8233.930206876415,151.55039898234153
2025-03-01,DET,Detroit,924695.8865689635,8233.930206876415,112.3030998971452
2025-04-01,DET,Detroit,908572.7001682818,8233.930206876415,110.34496010295351
2025-05-01,DET,Detroit,820905.7676962167,8233.930206876415,99.69792639372294
2025-06-01,DET,Detroit,805237.8147479678,8233.930206876415,97.79507410391798
2025-07-01,DET,Detroit,796035.6139664352,8233.930206876415,96.67747891543223
2025-08-01,DET,Detroit,822243.8825493455,8233.930206876415,99.86043868366332
2025-09-01,DET,Detroit,888446.4619740248,8233.930206876415,107.9006549305039
2025-10-01,DET,Detroit,1137934.8413588703,8233.930206876415,138.200690650565
2025-11-01,DET,Detroit,1089782.4558927119,8233.930206876415,132.35264673273525
2025-12-01,DET,Detroit,1272302.9995241761,8233.930206876415,154.51952683077587
2026-01-01,DET,Detroit,2148568.2375276685,8233.930206876415,260.9407881224608
2022-01-01,DFW,Dallas-Fort Worth,1399326.6853172183,14534.097733766232,96.2788823186625
2022-02-01,DFW,Dallas-Fort Worth,1668683.9144470096,14534.097733766232,114.81166185983822
2022-03-01,DFW,Dallas-Fort Worth,1568406.6720115542,14534.097733766232,107.91221448633618
2022-04-01,DFW,Dallas-Fort Worth,1522935.4044631124,14534.097733766232,104.78362209750141
2022-05-01,DFW,Dallas-Fort Worth,1495116.6980919242,14534.097733766232,102.86959159620936
2022-06-01,DFW,Dallas-Fort Worth,1527531.8062030673,14534.097733766232,105.09987163869421
2022-07-01,DFW,Dallas-Fort Worth,1477234.361012876,14534.097733766232,101.63922027171337
2022-08-01,DFW,Dallas-Fort Worth,1493439.309647262,14534.097733766232,102.75418103028443
2022-09-01,DFW,Dallas-Fort Worth,1486946.360926509,14534.097733766232,102.30744200047397
2022-10-01,DFW,Dallas-Fort Worth,1515436.1868587732,14534.097733766232,104.26764802455179
2022-11-01,DFW,Dallas-Fort Worth,1585537.6084472537,14534.097733766232,109.09088665089031
2022-12-01,DFW,Dallas-Fort Worth,1645327.2080897987,14534.097733766232,113.20463356093339
2023-01-01,DFW,Dallas-Fort Worth,1594975.1611722112,14534.097733766232,109.74022539195518
2023-02-01,DFW,Dallas-Fort Worth,1605793.1907768846,14534.097733766232,110.4845460785803
2023-03-01,DFW,Dallas-Fort Worth,1600721.694612205,14534.097733766232,110.13560827331858
2023-04-01,DFW,Dallas-Fort Worth,1582874.0363758802,14534.097733766232,108.9076229822289
2023-05-01,DFW,Dallas-Fort Worth,1610263.8069463968,14534.097733766232,110.79214110452578
2023-06-01,DFW,Dallas-Fort Worth,1566588.9244565368,14534.097733766232,107.7871466913953
2023-07-01,DFW,Dallas-Fort Worth,1568599.494377911,14534.097733766232,107.92548138256112
2023-08-01,DFW,Dallas-Fort Worth,1604282.2790738344,14534.097733766232,110.38058973187567
2023-09-01,DFW,Dallas-Fort Worth,1584938.6054881215,14534.097733766232,109.04967301863707
2023-10-01,DFW,Dallas-Fort Worth,1597220.0527963936,14534.097733766232,109.8946822880972
2023-11-01,DFW,Dallas-Fort Worth,1609519.5938413143,14534.097733766232,110.74093647395877
2023-12-01,DFW,Dallas-Fort Worth,1718628.1032497287,14534.097733766232,118.24800787302668
2024-01-01,DFW,Dallas-Fort Worth,1706723.8741992116,14534.097733766232,117.4289526231875
2024-02-01,DFW,Dallas-Fort Worth,1714402.2409982681,14534.097733766232,117.95725282728051
2024-03-01,DFW,Dallas-Fort Worth,1732849.265266478,14534.097733766232,119.2264767313797
2024-04-01,DFW,Dallas-Fort Worth,1675767.918968618,14534.097733766232,115.29906772784408
2024-05-01,DFW,Dallas-Fort Worth,1494118.070250392,14534.097733766232,102.80088228519294
2024-06-01,DFW,Dallas-Fort Worth,1548118.7774726152,14534.097733766232,106.51633185842421
2024-07-01,DFW,Dallas-Fort Worth,1602160.3340796232,14534.097733766232,110.23459202131389
2024-08-01,DFW,Dallas-Fort Worth,1697626.7901092172,14534.097733766232,116.80303939096396
2024-09-01,DFW,Dallas-Fort Worth,1676850.9911147952,14534.097733766232,115.3735871212056
2024-10-01,DFW,Dallas-Fort Worth,1679776.6194357872,14534.097733766232,115.5748812348536
2024-11-01,DFW,Dallas-Fort Worth,1709854.093705237,14534.097733766232,117.64432337157272
2024-12-01,DFW,Dallas-Fort Worth,1850662.5067489147,14534.097733766232,127.33246608417784
2025-01-01,DFW,Dallas-Fort Worth,1846094.5649491549,14534.097733766232,127.0181746927592
2025-02-01,DFW,Dallas-Fort Worth,1732190.3692777753,14534.097733766232,119.18114223585253
2025-03-01,DFW,Dallas-Fort Worth,1817913.1354590654,14534.097733766232,125.07918749133032
2025-04-01,DFW,Dallas-Fort Worth,1720376.0178729892,14534.097733766232,118.36827090244059
2025-05-01,DFW,Dallas-Fort Worth,1645376.8256718516,14534.097733766232,113.20804743518701
2025-06-01,DFW,Dallas-Fort Worth,1768694.8914930224,14534.097733766232,121.69278918387315
2025-07-01,DFW,Dallas-Fort Worth,1763954.0451177359,14534.097733766232,121.3666013143453
2025-08-01,DFW,Dallas-Fort Worth,1760429.4788694382,14534.097733766232,121.12409804287567
2025-09-01,DFW,Dallas-Fort Worth,1745515.674783945,14534.097733766232,120.09797283313219
2025-10-01,DFW,Dallas-Fort Worth,1746133.7519572377,14534.097733766232,120.14049884228767
2025-11-01,DFW,Dallas-Fort Worth,1799399.4758975506,14534.097733766232,123.80537883112686
2025-12-01,DFW,Dallas-Fort Worth,1886817.1862353086,14534.097733766232,129.82004255082
2026-01-01,DFW,Dallas-Fort Worth,1984692.2320085168,14534.097733766232,136.5542098562882
2022-01-01,HOU,Houston,1412181.0838701725,12866.28512408143,109.75826124255839
2022-02-01,HOU,Houston,1537801.8804711998,12866.28512408143,119.5218251143015
2022-03-01,HOU,Houston,1423748.990453899,12866.28512408143,110.65734800087024
2022-04-01,HOU,Houston,1428880.0161441565,12866.28512408143,111.0561442066728
2022-05-01,HOU,Houston,1477847.108961165,12866.28512408143,114.86198966593115
2022-06-01,HOU,Houston,1604884.7015453577,12866.28512408143,124.7356704804827
2022-07-01,HOU,Houston,1500200.2994995117,12866.28512408143,116.59933578586976
2022-08-01,HOU,Houston,1458534.9994777143,12866.28512408143,113.36100400478605
2022-09-01,HOU,Houston,1443385.5705019236,12866.28512408143,112.1835523293653
2022-10-01,HOU,Houston,1496557.6285589933,12866.28512408143,116.31621824996964
2022-11-01,HOU,Houston,1389130.6254022121,12866.28512408143,107.96672170759057
2022-12-01,HOU,Houston,1635750.1105579734,12866.28512408143,127.13460760296616
2023-01-01,HOU,Houston,1553247.7677610517,12866.28512408143,120.72231827459548
2023-02-01,HOU,Houston,1565299.7533989549,12866.28512408143,121.65902887300635
2023-03-01,HOU,Houston,1765389.2118125558,12866.28512408143,137.2104842063799
2023-04-01,HOU,Houston,1496889.475698173,12866.28512408143,116.34201024322793
2023-05-01,HOU,Houston,1503878.8758499026,12866.28512408143,116.8852439804197
2023-06-01,HOU,Houston,1539095.6102044582,12866.28512408143,119.62237703902429
2023-07-01,HOU,Houston,1557081.3459324837,12866.28512408143,121.02027360004189
2023-08-01,HOU,Houston,1585004.805322647,12866.28512408143,123.1905550076799
2023-09-01,HOU,Houston,1584448.5295749307,12866.28512408143,123.14731985920062
2023-10-01,HOU,Houston,1543300.6930894852,12866.28512408143,119.94920664403253
2023-11-01,HOU,Houston,1610836.4801137447,12866.28512408143,125.19825766170777
2023-12-01,HOU,Houston,1658212.3980367184,12866.28512408143,128.88043301116443
2024-01-01,HOU,Houston,1512584.1461181343,12866.28512408143,117.56183945333817
2024-02-01,HOU,Houston,1663878.1511931047,12866.28512408143,129.3207895788719
2024-03-01,HOU,Houston,1566932.7831639946,12866.28512408143,121.78595204852212
2024-04-01,HOU,Houston,1553228.2784247696,12866.28512408143,120.72080351442236
2024-05-01,HOU,Houston,1467686.0414184332,12866.28512408143,114.07224597187033
2024-06-01,HOU,Houston,1595349.665489614,12866.28512408143,123.99458352618403
2024-07-01,HOU,Houston,1301010.777856052,12866.28512408143,101.11782579891612
2024-08-01,HOU,Houston,1586924.7735913396,12866.28512408143,123.33977976449016
2024-09-01,HOU,Houston,1502003.8282517493,12866.28512408143,116.73951057096464
2024-10-01,HOU,Houston,1667424.7897736132,12866.28512408143,129.59644323851842
2024-11-01,HOU,Houston,1754984.6707276106,12866.28512408143,136.40181713701182
2024-12-01,HOU,Houston,1689765.6746469587,12866.28512408143,131.33283293126127
2025-01-01,HOU,Houston,1724921.8162094653,12866.28512408143,134.06525656585848
2025-02-01,HOU,Houston,1660144.3744675517,12866.28512408143,129.03059107250084
2025-03-01,HOU,Houston,1724152.8409092613,12866.28512408143,134.00548987385778
2025-04-01,HOU,Houston,1653049.8658439554,12866.28512408143,128.4791880408427
2025-05-01,HOU,Houston,1687399.525661869,12866.28512408143,131.148929888365
2025-06-01,HOU,Houston,1686107.5046677291,12866.28512408143,131.04851077113887
2025-07-01,HOU,Houston,1672805.6149633825,12866.28512408143,130.0146544889203
2025-08-01,HOU,Houston,1652341.7930544019,12866.28512408143,128.42415484495712
2025-09-01,HOU,Houston,1711004.3650945425,12866.28512408143,132.98355730451738
2025-10-01,HOU,Houston,1723615.7947964072,12866.28512408143,133.96374930090494
2025-11-01,HOU,Houston,1746137.3712596893,12866.28512408143,135.71418279791558
2025-12-01,HOU,Houston,1863036.2177275866,12866.28512408143,144.79985479574046
2026-01-01,HOU,Houston,1831129.7387266755,12866.28512408143,142.32000309859495
2022-01-01,LAX,Los Angeles,1296495.7020504773,12911.76793163744,100.41194272658049
2022-02-01,LAX,Los Angeles,1318650.346738845,12911.76793163744,102.12779177263427
2022-03-01,LAX,Los Angeles,1275979.1621507704,12911.76793163744,98.82296281241742
2022-04-01,LAX,Los Angeles,1357657.094274789,12911.76793163744,105.1488147450474
2022-05-01,LAX,Los Angeles,1342126.3080057502,12911.76793163744,103.94597510672149
2022-06-01,LAX,Los Angeles,1315243.825020194,12911.76793163744,101.86396099928957
2022-07-01,LAX,Los Angeles,1327885.9073039982,12911.76793163744,102.84307418895801
2022-08-01,LAX,Los Angeles,1273152.1344451904,12911.76793163744,98.60401311315485
2022-09-01,LAX,Los Angeles,1299636.105572451,12911.76793163744,100.65516298414714
2022-10-01,LAX,Los Angeles,1235356.1109261066,12911.76793163744,95.67675917556873
2022-11-01,LAX,Los Angeles,1330528.8731290996,12911.76793163744,103.04776852974038
2022-12-01,LAX,Los Angeles,1355473.2226018012,12911.76793163744,104.97967666228828
2023-01-01,LAX,Los Angeles,1400594.188797474,12911.76793163744,108.47423809141014
2023-02-01,LAX,Los Angeles,1395153.4917752445,12911.76793163744,108.05286302867391
2023-03-01,LAX,Los Angeles,1320907.3949350119,12911.76793163744,102.30259728401869
2023-04-01,LAX,Los Angeles,1362145.8689160645,12911.76793163744,105.49646463041103
2023-05-01,LAX,Los Angeles,1419092.4108629823,12911.76793163744,109.90690185701133
2023-06-01,LAX,Los Angeles,1379157.3812155426,12911.76793163744,106.81398461602005
2023-07-01,LAX,Los Angeles,1363983.5395993888,12911.76793163744,105.63878988695637
2023-08-01,LAX,Los Angeles,1332616.8092138767,12911.76793163744,103.20947652324149
2023-09-01,LAX,Los Angeles,1356324.644777,12911.76793163744,105.04561822658115
2023-10-01,LAX,Los Angeles,1312021.2348979115,12911.76793163744,101.61437549408652
2023-11-01,LAX,Los Angeles,1359686.6731950045,12911.76793163744,105.30600305039499
2023-12-01,LAX,Los Angeles,1396940.4189616442,12911.76793163744,108.19125826593815
2024-01-01,LAX,Los Angeles,1382523.430844903,12911.76793163744,107.07468087753763
2024-02-01,LAX,Los Angeles,1414849.1622665823,12911.76793163744,109.57826765146595
2024-03-01,LAX,Los Angeles,1437950.5556560755,12911.76793163744,111.36744117997155
2024-04-01,LAX,Los Angeles,1446125.9824793935,12911.76793163744,112.00061758668855
2024-05-01,LAX,Los Angeles,1260142.0571307838,12911.76793163744,97.59639917652822
2024-06-01,LAX,Los Angeles,1287070.651806593,12911.76793163744,99.6819845757071
2024-07-01,LAX,Los Angeles,1345411.0629610121,12911.76793163744,104.20037519915294
2024-08-01,LAX,Los Angeles,1370443.9385060929,12911.76793163744,106.13913956338405
2024-09-01,LAX,Los Angeles,1328452.7685892321,12911.76793163744,102.88697687434046
2024-10-01,LAX,Los Angeles,1307263.6608177796,12911.76793163744,101.24590743414915
2024-11-01,LAX,Los Angeles,1357552.3669011742,12911.76793163744,105.14070374319472
2024-12-01,LAX,Los Angeles,1426638.295525819,12911.76793163744,110.49132102430036
2025-01-01,LAX,Los Angeles,1398963.6058286726,12911.76793163744,108.34795151489836
2025-02-01,LAX,Los Angeles,1448134.997533977,12911.76793163744,112.15621324680423
2025-03-01,LAX,Los Angeles,1420546.1111459434,12911.76793163744,110.01948909453434
2025-04-01,LAX,Los Angeles,1476795.3652187586,12911.76793163744,114.37592226237255
2025-05-01,LAX,Los Angeles,1519387.974659264,12911.76793163744,117.6746656773732
2025-06-01,LAX,Los Angeles,1454490.2826721892,12911.76793163744,112.64842199558757
2025-07-01,LAX,Los Angeles,1434062.6928656697,12911.76793163744,111.06633115297986
2025-08-01,LAX,Los Angeles,1385760.590757817,12911.76793163744,107.32539479448948
2025-09-01,LAX,Los Angeles,1373403.026139766,12911.76793163744,106.36831713607125
2025-10-01,LAX,Los Angeles,1415674.9905461073,12911.76793163744,109.64222700109936
2025-11-01,LAX,Los Angeles,1408823.3877990842,12911.76793163744,109.1115790849271
2025-12-01,LAX,Los Angeles,1444171.6584073901,12911.76793163744,111.84925767359604
2026-01-01,LAX,Los Angeles,1416387.808302924,12911.76793163744,109.69743382952059
2022-01-01,MIA,Miami,578828.3223538697,7005.151632482519,82.62894976746446
2022-02-01,MIA,Miami,585680.0176114142,7005.151632482519,83.60704355001351
2022-03-01,MIA,Miami,584206.4331763387,7005.151632482519,83.39668629975178
2022-04-01,MIA,Miami,586850.8555448055,7005.151632482519,83.7741831059886
2022-05-01,MIA,Miami,576490.1845601052,7005.151632482519,82.29517572281385
2022-06-01,MIA,Miami,576097.6661466062,7005.151632482519,82.23914290095759
2022-07-01,MIA,Miami,586809.0016026795,7005.151632482519,83.76820836849228
2022-08-01,MIA,Miami,550172.338000536,7005.151632482519,78.53824825852675
2022-09-01,MIA,Miami,567539.7395559847,7005.151632482519,81.01748103843076
2022-10-01,MIA,Miami,566735.9351520836,7005.151632482519,80.90273628398835
2022-11-01,MIA,Miami,557817.2241885364,7005.151632482519,79.62957170005676
2022-12-01,MIA,Miami,616960.6937865317,7005.151632482519,88.07242528851445
2023-01-01,MIA,Miami,593839.8081080317,7005.151632482519,84.77187065508016
2023-02-01,MIA,Miami,590356.3932371438,7005.151632482519,84.27460591997642
2023-03-01,MIA,Miami,606626.0447134376,7005.151632482519,86.59713258747242
2023-04-01,MIA,Miami,585920.8723388612,7005.151632482519,83.64142606449474
2023-05-01,MIA,Miami,584400.3877388239,7005.151632482519,83.42437371790642
2023-06-01,MIA,Miami,584546.4493995905,7005.151632482519,83.44522432449277
2023-07-01,MIA,Miami,599164.47444731,7005.151632482519,85.53197787597
2023-08-01,MIA,Miami,559266.829611063,7005.151632482519,79.83650589628527
2023-09-01,MIA,Miami,574687.2179792523,7005.151632482519,82.03779848454072
2023-10-01,MIA,Miami,584786.5816813111,7005.151632482519,83.47950370834039
2023-11-01,MIA,Miami,576707.4667190313,7005.151632482519,82.32619320399422
2023-12-01,MIA,Miami,619776.0392317176,7005.151632482519,88.47432172029636
2024-01-01,MIA,Miami,621137.0953364074,7005.151632482519,88.6686153167945
2024-02-01,MIA,Miami,643265.1272127777,7005.151632482519,91.82743800005574
2024-03-01,MIA,Miami,612253.5809821784,7005.151632482519,87.40047512222161
2024-04-01,MIA,Miami,648022.536155384,7005.151632482519,92.50656804494248
2024-05-01,MIA,Miami,617339.6685993075,7005.151632482519,88.12652473313155
2024-06-01,MIA,Miami,587101.596671626,7005.151632482519,83.80997692459172
2024-07-01,MIA,Miami,622464.8546588123,7005.151632482519,88.85815572820374
2024-08-01,MIA,Miami,619542.160501197,7005.151632482519,88.44093504392005
2024-09-01,MIA,Miami,575879.1748580039,7005.151632482519,82.20795281399513
2024-10-01,MIA,Miami,595885.8029170409,7005.151632482519,85.06394067959212
2024-11-01,MIA,Miami,628007.9589734972,7005.151632482519,89.6494454254862
2024-12-01,MIA,Miami,654226.6261011958,7005.151632482519,93.39221481910276
2025-01-01,MIA,Miami,658439.3103589714,7005.151632482519,93.99358427957833
2025-02-01,MIA,Miami,641875.4126247559,7005.151632482519,91.62905334531425
2025-03-01,MIA,Miami,622265.9353992343,7005.151632482519,88.82975958918861
2025-04-01,MIA,Miami,665227.3618774712,7005.151632482519,94.96259278569318
2025-05-01,MIA,Miami,655379.407541275,7005.151632482519,93.55677677301306
2025-06-01,MIA,Miami,655093.6734427214,7005.151632482519,93.51598763474105
2025-07-01,MIA,Miami,630253.4432457387,7005.151632482519,89.96999298677373
2025-08-01,MIA,Miami,618144.063955903,7005.151632482519,88.24135384730312
2025-09-01,MIA,Miami,638698.1749539375,7005.151632482519,91.17549604384405
2025-10-01,MIA,Miami,612224.3134737313,7005.151632482519,87.39629712437336
2025-11-01,MIA,Miami,642148.3296924233,7005.151632482519,91.66801282570607
2025-12-01,MIA,Miami,659371.5103273094,7005.151632482519,94.12665776852545
2026-01-01,MIA,Miami,668481.4740675427,7005.151632482519,95.42712408505611
2022-01-01,MSP,Minneapolis-St. Paul,887022.8079860508,6746.99639653532,131.4692873471149
2022-02-01,MSP,Minneapolis-St. Paul,892965.1815651655,6746.99639653532,132.35003090022636
2022-03-01,MSP,Minneapolis-St. Paul,549788.2498547435,6746.99639653532,81.48637075559543
2022-04-01,MSP,Minneapolis-St. Paul,432535.6334256027,6746.99639653532,64.10787971484852
2022-05-01,MSP,Minneapolis-St. Paul,401044.57634985447,6746.99639653532,59.44046102585688
2022-06-01,MSP,Minneapolis-St. Paul,402768.07566705346,6746.99639653532,59.695907926359745
2022-07-01,MSP,Minneapolis-St. Paul,379507.0041397512,6746.99639653532,56.24828914013256
2022-08-01,MSP,Minneapolis-St. Paul,380648.7793865036,6746.99639653532,56.417516330966514
2022-09-01,MSP,Minneapolis-St. Paul,362058.36091426015,6746.99639653532,53.6621541846654
2022-10-01,MSP,Minneapolis-St. Paul,393688.6828801036,6746.99639653532,58.35021389403267
2022-11-01,MSP,Minneapolis-St. Paul,429679.0522277355,6746.99639653532,63.68449410294363
2022-12-01,MSP,Minneapolis-St. Paul,712362.1148279905,6746.99639653532,105.58210986948188
2023-01-01,MSP,Minneapolis-St. Paul,772776.2551175356,6746.99639653532,114.53633731216566
2023-02-01,MSP,Minneapolis-St. Paul,786342.1560780406,6746.99639653532,116.54699511649935
2023-03-01,MSP,Minneapolis-St. Paul,688275.6104333401,6746.99639653532,102.01215029354093
2023-04-01,MSP,Minneapolis-St. Paul,481759.2147038579,6746.99639653532,71.40350852288111
2023-05-01,MSP,Minneapolis-St. Paul,415307.4378347397,6746.99639653532,61.554418207190096
2023-06-01,MSP,Minneapolis-St. Paul,404906.8634953201,6746.99639653532,60.01290643985605
2023-07-01,MSP,Minneapolis-St. Paul,395378.70282930136,6746.99639653532,58.600698680131806
2023-08-01,MSP,Minneapolis-St. Paul,404505.52258569,6746.99639653532,59.95342205805971
2023-09-01,MSP,Minneapolis-St. Paul,385018.23281008005,6746.99639653532,57.06513093853029
2023-10-01,MSP,Minneapolis-St. Paul,382932.79369294643,6746.99639653532,56.75603945625166
2023-11-01,MSP,Minneapolis-St. Paul,438076.9579486251,6746.99639653532,64.92918214297312
2023-12-01,MSP,Minneapolis-St. Paul,433139.0877082348,6746.99639653532,64.19732014836379
2024-01-01,MSP,Minneapolis-St. Paul,635171.355808109,6746.99639653532,94.14135097719613
2024-02-01,MSP,Minneapolis-St. Paul,389920.9825234115,6746.99639653532,57.79178757582286
2024-03-01,MSP,Minneapolis-St. Paul,452223.6503111124,6746.99639653532,67.02592142235851
2024-04-01,MSP,Minneapolis-St. Paul,461239.66378334165,6746.99639653532,68.36222174658265
2024-05-01,MSP,Minneapolis-St. Paul,393418.937371403,6746.99639653532,58.31023380617622
2024-06-01,MSP,Minneapolis-St. Paul,329566.8251527399,6746.99639653532,48.8464504474876
2024-07-01,MSP,Minneapolis-St. Paul,372836.4615365155,6746.99639653532,55.259620670313744
2024-08-01,MSP,Minneapolis-St. Paul,407790.5307099223,6746.99639653532,60.440306581359465
2024-09-01,MSP,Minneapolis-St. Paul,401501.43565025926,6746.99639653532,59.50817401598673
2024-10-01,MSP,Minneapolis-St. Paul,402174.33390396833,6746.99639653532,59.60790702518985
2024-11-01,MSP,Minneapolis-St. Paul,463322.595135659,6746.99639653532,68.6709415427555
2024-12-01,MSP,Minneapolis-St. Paul,718812.7589896619,6746.99639653532,106.53818628964774
2025-01-01,MSP,Minneapolis-St. Paul,612549.3396696448,6746.99639653532,90.78844921040684
2025-02-01,MSP,Minneapolis-St. Paul,823015.7008231282,6746.99639653532,121.9825315522265
2025-03-01,MSP,Minneapolis-St. Paul,562641.6988138556,6746.99639653532,83.3914331276033
2025-04-01,MSP,Minneapolis-St. Paul,490706.69242078066,6746.99639653532,72.72965088180062
2025-05-01,MSP,Minneapolis-St. Paul,453507.29291281104,6746.99639653532,67.2161753555543
2025-06-01,MSP,Minneapolis-St. Paul,436530.33938446455,6746.99639653532,64.69995146412546
2025-07-01,MSP,Minneapolis-St. Paul,405819.98352998495,6746.99639653532,60.14824370417322
2025-08-01,MSP,Minneapolis-St. Paul,406743.10975271463,6746.99639653532,60.28506402665089
2025-09-01,MSP,Minneapolis-St. Paul,395703.4863548875,6746.99639653532,58.64883617813801
2025-10-01,MSP,Minneapolis-St. Paul,414410.49950426817,6746.99639653532,61.42147929959974
2025-11-01,MSP,Minneapolis-St. Paul,469511.0558438301,6746.99639653532,69.58815867827212
2025-12-01,MSP,Minneapolis-St. Paul,670244.671939075,6746.99639653532,99.33971096875868
2026-01-01,MSP,Minneapolis-St. Paul,892612.0460768938,6746.99639653532,132.29769124158165
2022-01-01,NYC,New York,1317913.610652268,5912.693802003575,222.89563011121595
2022-02-01,NYC,New York,1182350.8970401585,5912.693802003575,199.96822711155906
2022-03-01,NYC,New York,988247.9501301646,5912.693802003575,167.14005210201938
2022-04-01,NYC,New York,919594.5184237957,5912.693802003575,155.52885862484237
2022-05-01,NYC,New York,874025.7111677229,5912.693802003575,147.8219134012234
2022-06-01,NYC,New York,842104.0800863355,5912.693802003575,142.4230829949253
2022-07-01,NYC,New York,814699.2015685886,5912.693802003575,137.78816032931041
2022-08-01,NYC,New York,826562.1334504485,5912.693802003575,139.79451010474443
2022-09-01,NYC,New York,810336.5585060418,5912.693802003575,137.05031676618384
2022-10-01,NYC,New York,846879.9341003895,5912.693802003575,143.23081195468228
2022-11-01,NYC,New York,895219.0804290771,5912.693802003575,151.40629811165314
2022-12-01,NYC,New York,1035785.0023422241,5912.693802003575,175.1798819670381
2023-01-01,NYC,New York,895253.981074065,5912.693802003575,151.41220077567678
2023-02-01,NYC,New York,930769.229257673,5912.693802003575,157.41881119267035
2023-03-01,NYC,New York,962539.3896006644,5912.693802003575,162.79202370914226
2023-04-01,NYC,New York,935050.7298372388,5912.693802003575,158.14293131844366
2023-05-01,NYC,New York,908687.0224140882,5912.693802003575,153.68409947191424
2023-06-01,NYC,New York,861109.1600221395,5912.693802003575,145.63736747712932
2023-07-01,NYC,New York,890463.2202751338,5912.693802003575,150.60195066644437
2023-08-01,NYC,New York,934796.0343028903,5912.693802003575,158.0998552615942
2023-09-01,NYC,New York,827146.5722466409,5912.693802003575,139.89335486413216
2023-10-01,NYC,New York,878309.966673553,5912.693802003575,148.54649946119804
2023-11-01,NYC,New York,882019.3408317566,5912.693802003575,149.17385719058808
2023-12-01,NYC,New York,1023297.2378532887,5912.693802003575,173.06785572196114
2024-01-01,NYC,New York,1118602.3267543912,5912.693802003575,189.1865813134686
2024-02-01,NYC,New York,1186598.5727505386,5912.693802003575,200.68662651674063
2024-03-01,NYC,New York,981950.7882394195,5912.693802003575,166.0750279181844
2024-04-01,NYC,New York,966095.5010052621,5912.693802003575,163.39346046938726
2024-05-01,NYC,New York,879079.2892794013,5912.693802003575,148.67661318458883
2024-06-01,NYC,New York,842480.4110546112,5912.693802003575,142.48673096670902
2024-07-01,NYC,New York,894046.4772458556,5912.693802003575,151.20797849245957
2024-08-01,NYC,New York,942698.7359907627,5912.693802003575,159.436420616153
2024-09-01,NYC,New York,900833.2887693942,5912.693802003575,152.35581596735787
2024-10-01,NYC,New York,916147.306401046,5912.693802003575,154.94583976099022
2024-11-01,NYC,New York,1056992.2694268823,5912.693802003575,178.76661718364477
2024-12-01,NYC,New York,1245380.231863767,5912.693802003575,210.6282303070992
2025-01-01,NYC,New York,1491591.2621161938,5912.693802003575,252.26932292870524
2025-02-01,NYC,New York,1229783.7096349,5912.693802003575,207.99042717520322
2025-03-01,NYC,New York,1007788.5319659114,5912.693802003575,170.44490476141556
2025-04-01,NYC,New York,1036405.2614920139,5912.693802003575,175.28478493860408
2025-05-01,NYC,New York,1004866.6488966346,5912.693802003575,169.95073354823913
2025-06-01,NYC,New York,948476.4083838072,5912.693802003575,160.4135847627365
2025-07-01,NYC,New York,968845.2644059062,5912.693802003575,163.8585214877191
2025-08-01,NYC,New York,960248.4464820623,5912.693802003575,162.4045618862713
2025-09-01,NYC,New York,901953.1983619798,5912.693802003575,152.54522364346755
2025-10-01,NYC,New York,905027.8693649471,5912.693802003575,153.0652355206132
2025-11-01,NYC,New York,1000506.6718207598,5912.693802003575,169.21334087716974
2025-12-01,NYC,New York,1359296.7342319489,5912.693802003575,229.89466049659762
2026-01-01,NYC,New York,1481383.322180599,5912.693802003575,250.54287804970005
2022-01-01,ORL,Orlando,417532.4558431804,6835.756292676022,61.080652669044646
2022-02-01,ORL,Orlando,439769.98752599955,6835.756292676022,64.33377210904646
2022-03-01,ORL,Orlando,418830.5620571375,6835.756292676022,61.270552097634265
2022-04-01,ORL,Orlando,434164.3615873456,6835.756292676022,63.51372737681107
2022-05-01,ORL,Orlando,438158.8614991605,6835.756292676022,64.09808113969972
2022-06-01,ORL,Orlando,417425.8405174613,6835.756292676022,61.0650559565297
2022-07-01,ORL,Orlando,430209.6552897692,6835.756292676022,62.93519500551902
2022-08-01,ORL,Orlando,437458.080294013,6835.756292676022,63.99556414302177
2022-09-01,ORL,Orlando,432592.0018233061,6835.756292676022,63.2837075082379
2022-10-01,ORL,Orlando,428928.46342253685,6835.756292676022,62.747769969813014
2022-11-01,ORL,Orlando,422545.9859653115,6835.756292676022,61.8140799457752
2022-12-01,ORL,Orlando,458439.853826046,6835.756292676022,67.06497923532301
2023-01-01,ORL,Orlando,449236.93537700176,6835.756292676022,65.71868804894697
2023-02-01,ORL,Orlando,467850.347276032,6835.756292676022,68.44163648392454
2023-03-01,ORL,Orlando,465078.4344342947,6835.756292676022,68.0361344848689
2023-04-01,ORL,Orlando,453185.81375181675,6835.756292676022,66.29636785579525
2023-05-01,ORL,Orlando,453557.6014136076,6835.756292676022,66.35075652120001
2023-06-01,ORL,Orlando,473200.2331624627,6835.756292676022,69.22426910822723
2023-07-01,ORL,Orlando,460919.76006162167,6835.756292676022,67.4277637070621
2023-08-01,ORL,Orlando,455510.6050212383,6835.756292676022,66.6364606224014
2023-09-01,ORL,Orlando,445281.97770252824,6835.756292676022,65.14011890383118
2023-10-01,ORL,Orlando,438645.3786597252,6835.756292676022,64.16925353668611
2023-11-01,ORL,Orlando,466590.2641619146,6835.756292676022,68.25729943910223
2023-12-01,ORL,Orlando,484206.6472686827,6835.756292676022,70.83439293871145
2024-01-01,ORL,Orlando,486140.20425641537,6835.756292676022,71.11725220181951
2024-02-01,ORL,Orlando,474220.3361403942,6835.756292676022,69.37349955680605
2024-03-01,ORL,Orlando,481382.5636509955,6835.756292676022,70.42125889812064
2024-04-01,ORL,Orlando,484152.4633104801,6835.756292676022,70.82646638956564
2024-05-01,ORL,Orlando,441590.12326425314,6835.756292676022,64.60003902382863
2024-06-01,ORL,Orlando,457715.0392434597,6835.756292676022,66.95894640566188
2024-07-01,ORL,Orlando,459786.4174606204,6835.756292676022,67.26196748021073
2024-08-01,ORL,Orlando,460700.567920804,6835.756292676022,67.39569817818237
2024-09-01,ORL,Orlando,443530.6212659776,6835.756292676022,64.88391368504257
2024-10-01,ORL,Orlando,450799.62482470274,6835.756292676022,65.94729325088714
2024-11-01,ORL,Orlando,479816.3157915473,6835.756292676022,70.19213313757731
2024-12-01,ORL,Orlando,496796.3938574195,6835.756292676022,72.67614183227947
2025-01-01,ORL,Orlando,497054.7254216671,6835.756292676022,72.71393305144923
2025-02-01,ORL,Orlando,505814.74189147353,6835.756292676022,73.99543228792614
2025-03-01,ORL,Orlando,497489.6414299309,6835.756292676022,72.77755673691178
2025-04-01,ORL,Orlando,506129.4439458847,6835.756292676022,74.04146992311045
2025-05-01,ORL,Orlando,490702.61650168896,6835.756292676022,71.78468562833909
2025-06-01,ORL,Orlando,503621.72126060724,6835.756292676022,73.6746161942898
2025-07-01,ORL,Orlando,478312.9575754404,6835.756292676022,69.972207477308
2025-08-01,ORL,Orlando,470833.3800023794,6835.756292676022,68.8780231247917
2025-09-01,ORL,Orlando,460138.1612751484,6835.756292676022,67.31342393937456
2025-10-01,ORL,Orlando,485046.0721247196,6835.756292676022,70.95719205853031
2025-11-01,ORL,Orlando,489091.1662951112,6835.756292676022,71.54894723487057
2025-12-01,ORL,Orlando,518079.3291605115,6835.756292676022,75.78961375723604
2026-01-01,ORL,Orlando,510121.29835119843,6835.756292676022,74.62543667593204
2022-01-01,PHL,Philadelphia,761082.6375927329,5973.417793144147,127.41158645662588
2022-02-01,PHL,Philadelphia,704736.001347065,5973.417793144147,117.97868921137736
2022-03-01,PHL,Philadelphia,808047.4274413586,5973.417793144147,135.27388430268118
2022-04-01,PHL,Philadelphia,499940.92040616274,5973.417793144147,83.69428319243941
2022-05-01,PHL,Philadelphia,542962.8964237571,5973.417793144147,90.89652109164878
2022-06-01,PHL,Philadelphia,538354.6877564192,5973.417793144147,90.12506849500856
2022-07-01,PHL,Philadelphia,539376.0858028531,5973.417793144147,90.29605905381499
2022-08-01,PHL,Philadelphia,532521.6473693848,5973.417793144147,89.14856884455232
2022-09-01,PHL,Philadelphia,511000.9978134632,5973.417793144147,85.54583247131195
2022-10-01,PHL,Philadelphia,541513.699734509,5973.417793144147,90.65391346910623
2022-11-01,PHL,Philadelphia,553208.2794727683,5973.417793144147,92.61168373451132
2022-12-01,PHL,Philadelphia,625554.8334102035,5973.417793144147,104.72310075618176
2023-01-01,PHL,Philadelphia,578519.926551044,5973.417793144147,96.84906473728104
2023-02-01,PHL,Philadelphia,583747.5586243272,5973.417793144147,97.72421398253944
2023-03-01,PHL,Philadelphia,604508.2872140408,5973.417793144147,101.19973324280971
2023-04-01,PHL,Philadelphia,589797.2131575346,5973.417793144147,98.73697664919082
2023-05-01,PHL,Philadelphia,582017.6238814592,5973.417793144147,97.43460846643886
2023-06-01,PHL,Philadelphia,560720.9071441889,5973.417793144147,93.86936031625703
2023-07-01,PHL,Philadelphia,555407.6110913754,5973.417793144147,92.97987020576925
2023-08-01,PHL,Philadelphia,562401.4801256657,5973.417793144147,94.1507022614673
2023-09-01,PHL,Philadelphia,542807.6261011958,5973.417793144147,90.8705275435766
2023-10-01,PHL,Philadelphia,526418.5738607049,5973.417793144147,88.12686339550696
2023-11-01,PHL,Philadelphia,552683.0360175371,5973.417793144147,92.52375359578336
2023-12-01,PHL,Philadelphia,616393.4669387937,5973.417793144147,103.18941153693369
2024-01-01,PHL,Philadelphia,624092.1534153223,5973.417793144147,104.47823591572813
2024-02-01,PHL,Philadelphia,671625.1435890794,5973.417793144147,112.4356552391031
2024-03-01,PHL,Philadelphia,637834.0573889613,5973.417793144147,106.77874534759994
2024-04-01,PHL,Philadelphia,592745.1994357705,5973.417793144147,99.23049415965517
2024-05-01,PHL,Philadelphia,465786.86706382036,5973.417793144147,77.97660957156161
2024-06-01,PHL,Philadelphia,527492.4228121042,5973.417793144147,88.30663467362379
2024-07-01,PHL,Philadelphia,543192.9699960351,5973.417793144147,90.93503732812266
2024-08-01,PHL,Philadelphia,600801.2064332366,5973.417793144147,100.57913697628723
2024-09-01,PHL,Philadelphia,567357.1164062619,5973.417793144147,94.98031714062141
2024-10-01,PHL,Philadelphia,570277.8087981939,5973.417793144147,95.46926542669043
2024-11-01,PHL,Philadelphia,624353.8711301088,5973.417793144147,104.52204964579853
2024-12-01,PHL,Philadelphia,714031.7041503191,5973.417793144147,119.53486745391098
2025-01-01,PHL,Philadelphia,891766.8561769128,5973.417793144147,149.2892154974356
2025-02-01,PHL,Philadelphia,705326.3187090158,5973.417793144147,118.07751326527635
2025-03-01,PHL,Philadelphia,669217.6468417645,5973.417793144147,112.03262018769951
2025-04-01,PHL,Philadelphia,643207.4628992677,5973.417793144147,107.67829828301885
2025-05-01,PHL,Philadelphia,636998.5701944828,5973.417793144147,106.6388778172495
2025-06-01,PHL,Philadelphia,610328.2634701729,5973.417793144147,102.17404584870376
2025-07-01,PHL,Philadelphia,622903.3036561608,5973.417793144147,104.27921254245497
2025-08-01,PHL,Philadelphia,584759.0381347537,5973.417793144147,97.89354409562603
2025-09-01,PHL,Philadelphia,537552.9029032588,5973.417793144147,89.9908430179156
2025-10-01,PHL,Philadelphia,586866.0981580615,5973.417793144147,98.24628353161962
2025-11-01,PHL,Philadelphia,564174.7637445927,5973.417793144147,94.44756474126274
2025-12-01,PHL,Philadelphia,704313.4731505513,5973.417793144147,117.90795446434551
2026-01-01,PHL,Philadelphia,932047.4856681228,5973.417793144147,156.03252910550788
2022-01-01,PHX,Phoenix,708064.0548364818,14420.527475090075,49.101120334161635
2022-02-01,PHX,Phoenix,709366.0428087115,14420.527475090075,49.19140745954444
2022-03-01,PHX,Phoenix,745461.2586404383,14420.527475090075,51.694451532937556
2022-04-01,PHX,Phoenix,743108.0240855813,14420.527475090075,51.531265092017
2022-05-01,PHX,Phoenix,742877.1566824913,14420.527475090075,51.51525545551176
2022-06-01,PHX,Phoenix,741777.6418275833,14420.527475090075,51.439008948107144
2022-07-01,PHX,Phoenix,734573.3564609885,14420.527475090075,50.93942352177378
2022-08-01,PHX,Phoenix,708712.0924088061,14420.527475090075,49.14605888259155
2022-09-01,PHX,Phoenix,707889.3877468109,14420.527475090075,49.08900794160369
2022-10-01,PHX,Phoenix,703001.8547195196,14420.527475090075,48.750079075393074
2022-11-01,PHX,Phoenix,727707.4077033997,14420.527475090075,50.46330024754203
2022-12-01,PHX,Phoenix,736076.8042393327,14420.527475090075,51.04368099647027
2023-01-01,PHX,Phoenix,742367.6456026137,14420.527475090075,51.479923108566915
2023-02-01,PHX,Phoenix,738058.6178667545,14420.527475090075,51.181111033675585
2023-03-01,PHX,Phoenix,766152.4899687767,14420.527475090075,53.12929719750012
2023-04-01,PHX,Phoenix,789764.1649631858,14420.527475090075,54.76666275400947
2023-05-01,PHX,Phoenix,771753.7077252269,14420.527475090075,53.517716953027495
2023-06-01,PHX,Phoenix,782997.5486993194,14420.527475090075,54.297427750258386
2023-07-01,PHX,Phoenix,770470.6575806141,14420.527475090075,53.42874308249265
2023-08-01,PHX,Phoenix,762875.0066458881,14420.527475090075,52.90201817954811
2023-09-01,PHX,Phoenix,776065.3815411925,14420.527475090075,53.81671252190759
2023-10-01,PHX,Phoenix,746995.578944087,14420.527475090075,51.80084988114633
2023-11-01,PHX,Phoenix,747559.1835701466,14420.527475090075,51.83993337701935
2023-12-01,PHX,Phoenix,785454.2745782137,14420.527475090075,54.46779085820559
2024-01-01,PHX,Phoenix,783337.2456217706,14420.527475090075,54.320984234099775
2024-02-01,PHX,Phoenix,773727.9274249077,14420.527475090075,53.65462038482575
2024-03-01,PHX,Phoenix,796287.936488688,14420.527475090075,55.21905754586235
2024-04-01,PHX,Phoenix,808090.8448300362,14420.527475090075,56.03753720007309
2024-05-01,PHX,Phoenix,755608.2388298512,14420.527475090075,52.39809987083232
2024-06-01,PHX,Phoenix,733262.1349917054,14420.527475090075,50.848496094081
2024-07-01,PHX,Phoenix,773384.2466266155,14420.527475090075,53.63078763675978
2024-08-01,PHX,Phoenix,851593.4567887187,14420.527475090075,59.05425153551114
2024-09-01,PHX,Phoenix,819257.7259124517,14420.527475090075,56.81191116813391
2024-10-01,PHX,Phoenix,806537.9713754654,14420.527475090075,55.9298522726491
2024-11-01,PHX,Phoenix,830284.8255335689,14420.527475090075,57.57659190815297
2024-12-01,PHX,Phoenix,857687.23508358,14420.527475090075,59.47682819266794
2025-01-01,PHX,Phoenix,835116.7670789957,14420.527475090075,57.91166575020026
2025-02-01,PHX,Phoenix,832436.2801083326,14420.527475090075,57.72578579710608
2025-03-01,PHX,Phoenix,895721.7156919241,14420.527475090075,62.11435172806181
2025-04-01,PHX,Phoenix,884810.8659960032,14420.527475090075,61.357732407806836
2025-05-01,PHX,Phoenix,876181.1276842952,14420.527475090075,60.75929810458076
2025-06-01,PHX,Phoenix,915793.416821301,14420.527475090075,63.50623570484759
2025-07-01,PHX,Phoenix,855394.9652655125,14420.527475090075,59.31786938744898
2025-08-01,PHX,Phoenix,865493.9327915311,14420.527475090075,60.01818825882615
2025-09-01,PHX,Phoenix,844054.1688147783,14420.527475090075,58.53143515539164
2025-10-01,PHX,Phoenix,832701.0810902119,14420.527475090075,57.744148577686516
2025-11-01,PHX,Phoenix,805728.4443615675,14420.527475090075,55.873715143456266
2025-12-01,PHX,Phoenix,856495.2795339227,14420.527475090075,59.39417133065535
2026-01-01,PHX,Phoenix,841770.7155399919,14420.527475090075,58.373087738576906
2022-01-01,RDU,Raleigh,364908.65824759007,7519.623124926715,48.52751955586157
2022-02-01,RDU,Raleigh,289125.3639976382,7519.623124926715,38.4494487548478
2022-03-01,RDU,Raleigh,297120.89950710535,7519.623124926715,39.512738148030664
2022-04-01,RDU,Raleigh,289175.0023756623,7519.623124926715,38.45604993381641
2022-05-01,RDU,Raleigh,278644.13583642244,7519.623124926715,37.055598559553886
2022-06-01,RDU,Raleigh,285469.79629698396,7519.623124926715,37.9633116652726
2022-07-01,RDU,Raleigh,269530.8482836485,7519.623124926715,35.84366447703791
2022-08-01,RDU,Raleigh,269577.47813257575,7519.623124926715,35.849865565596815
2022-09-01,RDU,Raleigh,264722.65050649643,7519.623124926715,35.20424442934783
2022-10-01,RDU,Raleigh,269361.5539353192,7519.623124926715,35.82115080241396
2022-11-01,RDU,Raleigh,285295.9293912351,7519.623124926715,37.94018990732538
2022-12-01,RDU,Raleigh,337790.4101600051,7519.623124926715,44.9211888080225
2023-01-01,RDU,Raleigh,312191.1583968401,7519.623124926715,41.5168623759828
2023-02-01,RDU,Raleigh,328193.31103911996,7519.623124926715,43.644914856330445
2023-03-01,RDU,Raleigh,310454.18022212386,7519.623124926715,41.28586965921241
2023-04-01,RDU,Raleigh,295372.54842340946,7519.623124926715,39.28023300054524
2023-05-01,RDU,Raleigh,284147.9670756161,7519.623124926715,37.78752769320276
2023-06-01,RDU,Raleigh,289282.86955562234,7519.623124926715,38.47039469261189
2023-07-01,RDU,Raleigh,274157.22305357456,7519.623124926715,36.458904721537685
2023-08-01,RDU,Raleigh,273821.92566376925,7519.623124926715,36.414315068009195
2023-09-01,RDU,Raleigh,274734.53332418203,7519.623124926715,36.53567855195663
2023-10-01,RDU,Raleigh,277398.16136312485,7519.623124926715,36.889902160599085
2023-11-01,RDU,Raleigh,305865.9149695039,7519.623124926715,40.67569742366374
2023-12-01,RDU,Raleigh,325406.27098566294,7519.623124926715,43.27427925303561
2024-01-01,RDU,Raleigh,321881.39272367954,7519.623124926715,42.805521949188986
2024-02-01,RDU,Raleigh,317138.62606680393,7519.623124926715,42.17480328442587
2024-03-01,RDU,Raleigh,343638.5107474327,7519.623124926715,45.69890073457395
2024-04-01,RDU,Raleigh,294890.8926125765,7519.623124926715,39.21617981558756
2024-05-01,RDU,Raleigh,258433.1429039836,7519.623124926715,34.367831819563726
2024-06-01,RDU,Raleigh,266136.609611392,7519.623124926715,35.392280329738696
2024-07-01,RDU,Raleigh,256303.6541762054,7519.623124926715,34.08464093454195
2024-08-01,RDU,Raleigh,286416.63825512864,7519.623124926715,38.08922781059191
2024-09-01,RDU,Raleigh,280075.88793466426,7519.623124926715,37.246000668071225
2024-10-01,RDU,Raleigh,289009.27155178785,7519.623124926715,38.434010155875264
2024-11-01,RDU,Raleigh,306243.9901444912,7519.623124926715,40.725975897558804
2024-12-01,RDU,Raleigh,335799.80908572674,7519.623124926715,44.65646795151046
2025-01-01,RDU,Raleigh,350387.05834424496,7519.623124926715,46.59635895617571
2025-02-01,RDU,Raleigh,386443.37183094025,7519.623124926715,51.391321800413564
2025-03-01,RDU,Raleigh,360128.8847191334,7519.623124926715,47.89187951791708
2025-04-01,RDU,Raleigh,337521.4169321358,7519.623124926715,44.88541663920494
2025-05-01,RDU,Raleigh,324501.74375602603,7519.623124926715,43.15399034831132
2025-06-01,RDU,Raleigh,347845.14545217156,7519.623124926715,46.25832168358326
2025-07-01,RDU,Raleigh,300930.6593424082,7519.623124926715,40.01938053848158
2025-08-01,RDU,Raleigh,296301.90278846025,7519.623124926715,39.40382355150917
2025-09-01,RDU,Raleigh,292639.5335472226,7519.623124926715,38.91678195641948
2025-10-01,RDU,Raleigh,294508.58050596714,7519.623124926715,39.16533789169618
2025-11-01,RDU,Raleigh,311968.69775518775,7519.623124926715,41.48727836120486
2025-12-01,RDU,Raleigh,355827.1861998439,7519.623124926715,47.31981647063086
2026-01-01,RDU,Raleigh,365998.2579231262,7519.623124926715,48.6724203916394
2022-01-01,RIV,Riverside-San Bernardino,696183.4380658865,10651.19387975946,65.3620097357207
2022-02-01,RIV,Riverside-San Bernardino,706885.8950744122,10651.19387975946,66.36682263550874
2022-03-01,RIV,Riverside-San Bernardino,687558.9362227321,10651.19387975946,64.55228812699629
2022-04-01,RIV,Riverside-San Bernardino,729016.472404778,10651.19387975946,68.44457819795518
2022-05-01,RIV,Riverside-San Bernardino,728817.1968595982,10651.19387975946,68.42586897648862
2022-06-01,RIV,Riverside-San Bernardino,717107.2733311057,10651.19387975946,67.32646888475384
2022-07-01,RIV,Riverside-San Bernardino,715263.8394290507,10651.19387975946,67.15339590130564
2022-08-01,RIV,Riverside-San Bernardino,685071.7911601067,10651.19387975946,64.31877955596636
2022-09-01,RIV,Riverside-San Bernardino,718901.3619665504,10651.19387975946,67.49490902918252
2022-10-01,RIV,Riverside-San Bernardino,674222.3363136351,10651.19387975946,63.300165589405395
2022-11-01,RIV,Riverside-San Bernardino,717676.2849756777,10651.19387975946,67.37989121947007
2022-12-01,RIV,Riverside-San Bernardino,724883.630458653,10651.19387975946,68.05656141854244
2023-01-01,RIV,Riverside-San Bernardino,725830.3716035783,10651.19387975946,68.14544733646048
2023-02-01,RIV,Riverside-San Bernardino,746488.5681479871,10651.19387975946,70.08496667838754
2023-03-01,RIV,Riverside-San Bernardino,724674.5451062322,10651.19387975946,68.03693119166073
2023-04-01,RIV,Riverside-San Bernardino,755592.4442396164,10651.19387975946,70.93969490833081
2023-05-01,RIV,Riverside-San Bernardino,770462.5553318858,10651.19387975946,72.3357929664581
2023-06-01,RIV,Riverside-San Bernardino,742137.041716218,10651.19387975946,69.67641844605856
2023-07-01,RIV,Riverside-San Bernardino,733720.2448731065,10651.19387975946,68.88619746819184
2023-08-01,RIV,Riverside-San Bernardino,722433.7868412733,10651.19387975946,67.82655493804496
2023-09-01,RIV,Riverside-San Bernardino,737992.5224471092,10651.19387975946,69.28730532729497
2023-10-01,RIV,Riverside-San Bernardino,707718.0045773089,10651.19387975946,66.44494622543587
2023-11-01,RIV,Riverside-San Bernardino,747319.4379167557,10651.19387975946,70.16297387440221
2023-12-01,RIV,Riverside-San Bernardino,740818.515212357,10651.19387975946,69.55262701772239
2024-01-01,RIV,Riverside-San Bernardino,747485.5220650434,10651.19387975946,70.17856688211221
2024-02-01,RIV,Riverside-San Bernardino,746971.0431426167,10651.19387975946,70.13026441684543
2024-03-01,RIV,Riverside-San Bernardino,766182.2414320111,10651.19387975946,71.93393060734654
2024-04-01,RIV,Riverside-San Bernardino,779201.0519725084,10651.19387975946,73.15621711226474
2024-05-01,RIV,Riverside-San Bernardino,702802.583512783,10651.19387975946,65.98345607512825
2024-06-01,RIV,Riverside-San Bernardino,715063.2286792397,10651.19387975946,67.13456132256493
2024-07-01,RIV,Riverside-San Bernardino,731142.0009819567,10651.19387975946,68.64413597534367
2024-08-01,RIV,Riverside-San Bernardino,752910.0312997103,10651.19387975946,70.6878533804995
2024-09-01,RIV,Riverside-San Bernardino,738351.8421815634,10651.19387975946,69.32104048773901
2024-10-01,RIV,Riverside-San Bernardino,727995.2285550237,10651.19387975946,68.34869750502226
2024-11-01,RIV,Riverside-San Bernardino,760743.1911363006,10651.19387975946,71.42327890415612
2024-12-01,RIV,Riverside-San Bernardino,787643.5143055022,10651.19387975946,73.94884772516129
2025-01-01,RIV,Riverside-San Bernardino,766674.3843371272,10651.19387975946,71.98013602907407
2025-02-01,RIV,Riverside-San Bernardino,771487.8280459046,10651.19387975946,72.43205191410219
2025-03-01,RIV,Riverside-San Bernardino,776711.7906681001,10651.19387975946,72.92250985535914
2025-04-01,RIV,Riverside-San Bernardino,811165.2819828391,10651.19387975946,76.15721684724022
2025-05-01,RIV,Riverside-San Bernardino,838280.4629030824,10651.19387975946,78.70295784363411
2025-06-01,RIV,Riverside-San Bernardino,859249.2492566258,10651.19387975946,80.67163727903436
2025-07-01,RIV,Riverside-San Bernardino,803317.64999789,10651.19387975946,75.42043258872982
2025-08-01,RIV,Riverside-San Bernardino,782729.968154192,10651.19387975946,73.4875336033099
2025-09-01,RIV,Riverside-San Bernardino,776949.9731695354,10651.19387975946,72.94487190266803
2025-10-01,RIV,Riverside-San Bernardino,775478.3005262613,10651.19387975946,72.8067021669663
2025-11-01,RIV,Riverside-San Bernardino,773139.3257974982,10651.19387975946,72.58710474388232
2025-12-01,RIV,Riverside-San Bernardino,762249.3826488853,10651.19387975946,71.56468948494059
2026-01-01,RIV,Riverside-San Bernardino,781982.606538713,10651.19387975946,73.41736666954492
2022-01-01,SAC,Sacramento,207855.5176745057,6957.655253267714,29.874362857643
2022-02-01,SAC,Sacramento,220327.3488432765,6957.655253267714,31.666896507957638
2022-03-01,SAC,Sacramento,222574.66171979904,6957.655253267714,31.989895103708278
2022-04-01,SAC,Sacramento,224824.88930994272,6957.655253267714,32.313312621281725
2022-05-01,SAC,Sacramento,225425.24740940332,6957.655253267714,32.39960003817819
2022-06-01,SAC,Sacramento,231050.87773001194,6957.655253267714,33.20815264905475
2022-07-01,SAC,Sacramento,227587.9393184185,6957.655253267714,32.71043635160425
2022-08-01,SAC,Sacramento,215708.4630496502,6957.655253267714,31.003039845692427
2022-09-01,SAC,Sacramento,218071.9811105132,6957.655253267714,31.34274021526061
2022-10-01,SAC,Sacramento,219996.2912210822,6957.655253267714,31.619314727868893
2022-11-01,SAC,Sacramento,221998.6978378892,6957.655253267714,31.907113784291894
2022-12-01,SAC,Sacramento,242750.1060859263,6957.655253267714,34.88964273875411
2023-01-01,SAC,Sacramento,234186.40308696032,6957.655253267714,33.658810987648884
2023-02-01,SAC,Sacramento,230171.01234036684,6957.655253267714,33.08169260502888
2023-03-01,SAC,Sacramento,227912.0356926024,6957.655253267714,32.7570176153183
2023-04-01,SAC,Sacramento,237552.1120080948,6957.655253267714,34.14255282288192
2023-05-01,SAC,Sacramento,243708.165471375,6957.655253267714,35.02734133843663
2023-06-01,SAC,Sacramento,245119.23942261934,6957.655253267714,35.230150172717636
2023-07-01,SAC,Sacramento,242471.54300665855,6957.655253267714,34.84960581983133
2023-08-01,SAC,Sacramento,229561.0689035058,6957.655253267714,32.99402752036194
2023-09-01,SAC,Sacramento,223677.3902360797,6957.655253267714,32.14838650291389
2023-10-01,SAC,Sacramento,214377.41928088665,6957.655253267714,30.81173347590091
2023-11-01,SAC,Sacramento,235477.83800405264,6957.655253267714,33.84442451261993
2023-12-01,SAC,Sacramento,229341.99816387892,6957.655253267714,32.96254123200007
2024-01-01,SAC,Sacramento,200185.49054294825,6957.655253267714,28.771976083311923
2024-02-01,SAC,Sacramento,231429.7342326641,6957.655253267714,33.2626043987982
2024-03-01,SAC,Sacramento,227042.1907118559,6957.655253267714,32.631997770401725
2024-04-01,SAC,Sacramento,226564.8637895584,6957.655253267714,32.56339320393182
2024-05-01,SAC,Sacramento,219811.7023409009,6957.655253267714,31.59278439926507
2024-06-01,SAC,Sacramento,206508.54067631066,6957.655253267714,29.680766459264046
2024-07-01,SAC,Sacramento,217411.40106230974,6957.655253267714,31.247797303581674
2024-08-01,SAC,Sacramento,243727.3353934884,6957.655253267714,35.03009656579637
2024-09-01,SAC,Sacramento,231719.2918714881,6957.655253267714,33.30422152817351
2024-10-01,SAC,Sacramento,234577.6092826128,6957.655253267714,33.71503771654132
2024-11-01,SAC,Sacramento,231934.88219362497,6957.655253267714,33.33520758802975
2024-12-01,SAC,Sacramento,259539.2449786067,6957.655253267714,37.302688266526594
2025-01-01,SAC,Sacramento,253713.95530098677,6957.655253267714,36.465439298940275
2025-02-01,SAC,Sacramento,239023.8652075529,6957.655253267714,34.35408287803475
2025-03-01,SAC,Sacramento,256471.6863924861,6957.655253267714,36.86179855951217
2025-04-01,SAC,Sacramento,250248.82301950455,6957.655253267714,35.96740768407192
2025-05-01,SAC,Sacramento,266585.1787239313,6957.655253267714,38.31537623234891
2025-06-01,SAC,Sacramento,288721.6670103222,6957.655253267714,41.49697800487053
2025-07-01,SAC,Sacramento,281195.4488373101,6957.655253267714,40.41526040044087
2025-08-01,SAC,Sacramento,245402.88236236572,6957.655253267714,35.270917202618
2025-09-01,SAC,Sacramento,236901.11752849817,6957.655253267714,34.04898761220395
2025-10-01,SAC,Sacramento,243604.06383663416,6957.655253267714,35.012379166418704
2025-11-01,SAC,Sacramento,225729.8579197824,6957.655253267714,32.44338066531346
2025-12-01,SAC,Sacramento,249719.5526515767,6957.655253267714,35.89133746376613
2026-01-01,SAC,Sacramento,247673.5499777496,6957.655253267714,35.597272495130866
2022-01-01,SDG,San Diego,314644.8259085119,7474.713142995005,42.09456869972116
2022-02-01,SDG,San Diego,311228.65689361095,7474.713142995005,41.63753858370895
2022-03-01,SDG,San Diego,304407.74665412307,7474.713142995005,40.72500721173515
2022-04-01,SDG,San Diego,332664.3272784054,7474.713142995005,44.50529684743351
2022-05-01,SDG,San Diego,321704.0818042923,7474.713142995005,43.03898700189989
2022-06-01,SDG,San Diego,329874.2921979041,7474.713142995005,44.13203368306498
2022-07-01,SDG,San Diego,332046.5036844909,7474.713142995005,44.42264168969097
2022-08-01,SDG,San Diego,316890.83476157486,7474.713142995005,42.39504964261431
2022-09-01,SDG,San Diego,314012.0492701698,7474.713142995005,42.00991305792772
2022-10-01,SDG,San Diego,311246.5239741225,7474.713142995005,41.63992892032385
2022-11-01,SDG,San Diego,340802.2027360797,7474.713142995005,45.594017618651435
2022-12-01,SDG,San Diego,341944.63900864124,7474.713142995005,45.746857767926215
2023-01-01,SDG,San Diego,323232.8673118353,7474.713142995005,43.24351465109479
2023-02-01,SDG,San Diego,341243.7788823806,7474.713142995005,45.653093617670166
2023-03-01,SDG,San Diego,328432.6744404435,7474.713142995005,43.93916771886252
2023-04-01,SDG,San Diego,322494.25205658376,7474.713142995005,43.14469945362548
2023-05-01,SDG,San Diego,337103.8980628848,7474.713142995005,45.09924215336675
2023-06-01,SDG,San Diego,320999.3744472265,7474.713142995005,42.94470815218561
2023-07-01,SDG,San Diego,327122.372071892,7474.713142995005,43.7638697049475
2023-08-01,SDG,San Diego,337042.35892003775,7474.713142995005,45.09100917617153
2023-09-01,SDG,San Diego,338841.76104295254,7474.713142995005,45.33174110641305
2023-10-01,SDG,San Diego,331690.7685099095,7474.713142995005,44.37504987341976
2023-11-01,SDG,San Diego,326266.5827507973,7474.713142995005,43.6493784455877
2023-12-01,SDG,San Diego,349800.34462726116,7474.713142995005,46.7978286170192
2024-01-01,SDG,San Diego,348975.0262592137,7474.713142995005,46.687413895777226
2024-02-01,SDG,San Diego,346465.1840108037,7474.713142995005,46.351636160846745
2024-03-01,SDG,San Diego,342128.0228560865,7474.713142995005,45.77139166560724
2024-04-01,SDG,San Diego,350264.1547304988,7474.713142995005,46.85987917258765
2024-05-01,SDG,San Diego,315937.9267459959,7474.713142995005,42.26756541715316
2024-06-01,SDG,San Diego,340825.81817546487,7474.713142995005,45.59717699599922
2024-07-01,SDG,San Diego,350285.82851567864,7474.713142995005,46.862778786895944
2024-08-01,SDG,San Diego,352980.72492388077,7474.713142995005,47.22331388123969
2024-09-01,SDG,San Diego,347042.4728611633,7474.713142995005,46.42886840231418
2024-10-01,SDG,San Diego,356913.1132992748,7474.713142995005,47.74940609376551
2024-11-01,SDG,San Diego,372252.58570085466,7474.713142995005,49.80158817863325
2024-12-01,SDG,San Diego,364320.8799982071,7474.713142995005,48.740449704030944
2025-01-01,SDG,San Diego,368767.09355923533,7474.713142995005,49.33528370982755
2025-02-01,SDG,San Diego,367398.59935572743,7474.713142995005,49.15220053628926
2025-03-01,SDG,San Diego,330508.40353539586,7474.713142995005,44.21686788678102
2025-04-01,SDG,San Diego,386402.38306392357,7474.713142995005,51.69461030434915
2025-05-01,SDG,San Diego,388281.1047436297,7474.713142995005,51.94595395376622
2025-06-01,SDG,San Diego,349068.4264638424,7474.713142995005,46.69990938595082
2025-07-01,SDG,San Diego,357116.91505265236,7474.713142995005,47.776671588705405
2025-08-01,SDG,San Diego,369674.4944489035,7474.713142995005,49.45667979183218
2025-09-01,SDG,San Diego,363377.6477573812,7474.713142995005,48.61425994627283
2025-10-01,SDG,San Diego,373686.2365263868,7474.713142995005,49.9933882916417
2025-11-01,SDG,San Diego,384164.98301009275,7474.713142995005,51.395281084481006
2025-12-01,SDG,San Diego,364833.44365236163,7474.713142995005,48.80902272407184
2026-01-01,SDG,San Diego,395141.21492630243,7474.713142995005,52.86372966655083
2022-01-01,SEA,Seattle,369946.2083270047,7821.121756784384,47.30091409280224
2022-02-01,SEA,Seattle,394293.5935708042,7821.121756784384,50.41394391140589
2022-03-01,SEA,Seattle,354944.2238939032,7821.121756784384,45.38277691253291
2022-04-01,SEA,Seattle,398372.4925585333,7821.121756784384,50.935467436364554
2022-05-01,SEA,Seattle,377024.5331522897,7821.121756784384,48.205940896552605
2022-06-01,SEA,Seattle,352946.0041254293,7821.121756784384,45.12728673725971
2022-07-01,SEA,Seattle,368183.34891866334,7821.121756784384,47.07551683353925
2022-08-01,SEA,Seattle,367607.5846963078,7821.121756784384,47.00190025521963
2022-09-01,SEA,Seattle,379398.34888382256,7821.121756784384,48.50945435732614
2022-10-01,SEA,Seattle,369828.02085543424,7821.121756784384,47.28580277306503
2022-11-01,SEA,Seattle,390030.4281301815,7821.121756784384,49.86886028105265
2022-12-01,SEA,Seattle,404381.8230024278,7821.121756784384,51.703813797764916
2023-01-01,SEA,Seattle,366713.550178051,7821.121756784384,46.88758998796401
2023-02-01,SEA,Seattle,392180.54520210624,7821.121756784384,50.1437718779805
2023-03-01,SEA,Seattle,387494.30893582106,7821.121756784384,49.544594878566045
2023-04-01,SEA,Seattle,386323.1509153247,7821.121756784384,49.39485190602116
2023-05-01,SEA,Seattle,393851.7984044999,7821.121756784384,50.35745646880584
2023-06-01,SEA,Seattle,398418.12567483634,7821.121756784384,50.94130203627516
2023-07-01,SEA,Seattle,395817.42804647237,7821.121756784384,50.60877970645617
2023-08-01,SEA,Seattle,396139.1761457026,7821.121756784384,50.64991806348931
2023-09-01,SEA,Seattle,372441.484924078,7821.121756784384,47.619957405854976
2023-10-01,SEA,Seattle,362710.09414586425,7821.121756784384,46.37571251607656
2023-11-01,SEA,Seattle,402460.1544916332,7821.121756784384,51.45811138185153
2023-12-01,SEA,Seattle,390372.90046569705,7821.121756784384,49.91264841607541
2024-01-01,SEA,Seattle,446859.3862349689,7821.121756784384,57.134948173814514
2024-02-01,SEA,Seattle,381217.40255158395,7821.121756784384,48.742036552608226
2024-03-01,SEA,Seattle,431120.39462854154,7821.121756784384,55.12257806938868
2024-04-01,SEA,Seattle,424692.3924576044,7821.121756784384,54.30070080282379
2024-05-01,SEA,Seattle,390929.81493014935,7821.121756784384,49.983854885143515
2024-06-01,SEA,Seattle,374349.29540666565,7821.121756784384,47.86388794956921
2024-07-01,SEA,Seattle,373545.86095198325,7821.121756784384,47.761161706497305
2024-08-01,SEA,Seattle,396959.6782800108,7821.121756784384,50.75482656125006
2024-09-01,SEA,Seattle,386267.0842877105,7821.121756784384,49.38768328886396
2024-10-01,SEA,Seattle,375656.30235610064,7821.121756784384,48.03100041630727
2024-11-01,SEA,Seattle,382746.2834015719,7821.121756784384,48.93751757151217
2024-12-01,SEA,Seattle,398268.983445704,7821.121756784384,50.922232875383635
2025-01-01,SEA,Seattle,410210.42112795264,7821.121756784384,52.44905192431228
2025-02-01,SEA,Seattle,461053.44731900096,7821.121756784384,58.94978516592751
2025-03-01,SEA,Seattle,379614.777229093,7821.121756784384,48.53712664680083
2025-04-01,SEA,Seattle,422109.2194079459,7821.121756784384,53.970419146305936
2025-05-01,SEA,Seattle,427807.26375237666,7821.121756784384,54.698964810422225
2025-06-01,SEA,Seattle,426011.6713806987,7821.121756784384,54.469382350576176
2025-07-01,SEA,Seattle,419719.5436774492,7821.121756784384,53.66487784356075
2025-08-01,SEA,Seattle,415091.9539603954,7821.121756784384,53.073199327235436
2025-09-01,SEA,Seattle,412225.7172022015,7821.121756784384,52.70672545720424
2025-10-01,SEA,Seattle,366232.7945162654,7821.121756784384,46.82612109939076
2025-11-01,SEA,Seattle,403525.2564453557,7821.121756784384,51.59429414269381
2025-12-01,SEA,Seattle,373377.47064330615,7821.121756784384,47.73963150738859
2026-01-01,SEA,Seattle,415419.7932460569,7821.121756784384,53.115116496646216
2022-01-01,SFO,San Francisco Bay Area,436121.3660338372,14691.804107336333,29.68467064001082
2022-02-01,SFO,San Francisco Bay Area,456008.1945928931,14691.804107336333,31.038270811491834
2022-03-01,SFO,San Francisco Bay Area,474994.6783416122,14691.804107336333,32.33058886923385
2022-04-01,SFO,San Francisco Bay Area,468948.7321141958,14691.804107336333,31.919070570783536
2022-05-01,SFO,San Francisco Bay Area,477691.54746322334,14691.804107336333,32.514151697999345
2022-06-01,SFO,San Francisco Bay Area,489944.8564040959,14691.804107336333,33.34817513387907
2022-07-01,SFO,San Francisco Bay Area,466397.04965105886,14691.804107336333,31.745389895184086
2022-08-01,SFO,San Francisco Bay Area,456511.39788290113,14691.804107336333,31.07252142403279
2022-09-01,SFO,San Francisco Bay Area,445177.1121132374,14691.804107336333,30.301051447516837
2022-10-01,SFO,San Francisco Bay Area,450885.0193012282,14691.804107336333,30.689561064599236
2022-11-01,SFO,San Francisco Bay Area,460037.6861536801,14691.804107336333,31.312538800048447
2022-12-01,SFO,San Francisco Bay Area,500158.56595411897,14691.804107336333,34.04337291050358
2023-01-01,SFO,San Francisco Bay Area,459466.3642759174,14691.804107336333,31.273651684920267
2023-02-01,SFO,San Francisco Bay Area,478737.2685690522,14691.804107336333,32.58532887257838
2023-03-01,SFO,San Francisco Bay Area,459569.5763896182,14691.804107336333,31.28067683397254
2023-04-01,SFO,San Francisco Bay Area,467817.9758248925,14691.804107336333,31.84210546281979
2023-05-01,SFO,San Francisco Bay Area,487040.31836788356,14691.804107336333,33.15047728717541
2023-06-01,SFO,San Francisco Bay Area,488805.9919324517,14691.804107336333,33.27065814118547
2023-07-01,SFO,San Francisco Bay Area,486114.82455547154,14691.804107336333,33.08748340258163
2023-08-01,SFO,San Francisco Bay Area,464281.4697872475,14691.804107336333,31.60139261286564
2023-09-01,SFO,San Francisco Bay Area,452572.57902126946,14691.804107336333,30.804425087268754
2023-10-01,SFO,San Francisco Bay Area,435573.6341608465,14691.804107336333,29.647389182336248
2023-11-01,SFO,San Francisco Bay Area,465651.38978663087,14691.804107336333,31.694636437066873
2023-12-01,SFO,San Francisco Bay Area,449094.63757033646,14691.804107336333,30.567698445290436
2024-01-01,SFO,San Francisco Bay Area,436920.4695007056,14691.804107336333,29.739061745489103
2024-02-01,SFO,San Francisco Bay Area,447826.26541980356,14691.804107336333,30.481366491687847
2024-03-01,SFO,San Francisco Bay Area,471699.5673850626,14691.804107336333,32.10630661414278
2024-04-01,SFO,San Francisco Bay Area,485213.3872669637,14691.804107336333,33.02612692914092
2024-05-01,SFO,San Francisco Bay Area,455973.86954011023,14691.804107336333,31.03593447127574
2024-06-01,SFO,San Francisco Bay Area,433887.0805553794,14691.804107336333,29.532593641016383
2024-07-01,SFO,San Francisco Bay Area,436505.1051436309,14691.804107336333,29.710789903988893
2024-08-01,SFO,San Francisco Bay Area,475323.11967720883,14691.804107336333,32.352944281353224
2024-09-01,SFO,San Francisco Bay Area,453300.0177846085,14691.804107336333,30.85393832322157
2024-10-01,SFO,San Francisco Bay Area,471447.4922863813,14691.804107336333,32.08914908217192
2024-11-01,SFO,San Francisco Bay Area,466796.23781886697,14691.804107336333,31.772560701770647
2024-12-01,SFO,San Francisco Bay Area,510892.1132033169,14691.804107336333,34.77395352339361
2025-01-01,SFO,San Francisco Bay Area,503880.18119719625,14691.804107336333,34.296685248177546
2025-02-01,SFO,San Francisco Bay Area,460009.68250772357,14691.804107336333,31.310632727400602
2025-03-01,SFO,San Francisco Bay Area,509792.33170829713,14691.804107336333,34.699096719764526
2025-04-01,SFO,San Francisco Bay Area,497890.90849880874,14691.804107336333,33.889024442558934
2025-05-01,SFO,San Francisco Bay Area,530517.1158836484,14691.804107336333,36.10973247449817
2025-06-01,SFO,San Francisco Bay Area,558960.5629966296,14691.804107336333,38.04574025851008
2025-07-01,SFO,San Francisco Bay Area,517261.503473456,14691.804107336333,35.20748709242333
2025-08-01,SFO,San Francisco Bay Area,479345.8190082479,14691.804107336333,32.62674995570403
2025-09-01,SFO,San Francisco Bay Area,476762.39571327344,14691.804107336333,32.45090883530109
2025-10-01,SFO,San Francisco Bay Area,484815.29112167656,14691.804107336333,32.99903045124218
2025-11-01,SFO,San Francisco Bay Area,494798.36515288055,14691.804107336333,33.67852998433349
2025-12-01,SFO,San Francisco Bay Area,497882.24666361883,14691.804107336333,33.88843487335922
2026-01-01,SFO,San Francisco Bay Area,502489.1345624812,14691.804107336333,34.20200343615825
2022-01-01,STL,St. Louis,499054.18090575933,6083.778619135794,82.03029928407396
2022-02-01,STL,St. Louis,524824.9223920107,6083.778619135794,86.26627549221418
2022-03-01,STL,St. Louis,471415.35467097163,6083.778619135794,77.48726312758839
2022-04-01,STL,St. Louis,459602.9121949971,6083.778619135794,75.54563388440391
2022-05-01,STL,St. Louis,417948.55898335576,6083.778619135794,68.6988441145358
2022-06-01,STL,St. Louis,417237.1510337144,6083.778619135794,68.5819089013767
2022-07-01,STL,St. Louis,427430.31528544426,6083.778619135794,70.25737490529548
2022-08-01,STL,St. Louis,405120.84348094463,6083.778619135794,66.59033289059627
2022-09-01,STL,St. Louis,398516.3494834006,6083.778619135794,65.50474210713641
2022-10-01,STL,St. Louis,412186.70985400677,6083.778619135794,67.7517601573343
2022-11-01,STL,St. Louis,464517.9132783115,6083.778619135794,76.35352013257456
2022-12-01,STL,St. Louis,694561.8918331042,6083.778619135794,114.16620086214895
2023-01-01,STL,St. Louis,608241.9671678245,6083.778619135794,99.97766277271704
2023-02-01,STL,St. Louis,500340.557931304,6083.778619135794,82.24174304396004
2023-03-01,STL,St. Louis,458839.04092240334,6083.778619135794,75.4200751945806
2023-04-01,STL,St. Louis,447425.36060887575,6083.778619135794,73.54399109815618
2023-05-01,STL,St. Louis,454501.47542601824,6083.778619135794,74.70710291732814
2023-06-01,STL,St. Louis,451737.0315388441,6083.778619135794,74.25270704590723
2023-07-01,STL,St. Louis,419056.48237878084,6083.778619135794,68.88095517819947
2023-08-01,STL,St. Louis,434402.08047282696,6083.778619135794,71.4033346161656
2023-09-01,STL,St. Louis,436430.96068918705,6083.778619135794,71.73682476157926
2023-10-01,STL,St. Louis,418339.8539659381,6083.778619135794,68.7631618695165
2023-11-01,STL,St. Louis,449598.1546211839,6083.778619135794,73.90113657440246
2023-12-01,STL,St. Louis,497863.963219434,6083.778619135794,81.83466138190217
2024-01-01,STL,St. Louis,581162.0684280097,6083.778619135794,95.52649838375683
2024-02-01,STL,St. Louis,573644.9438677728,6083.778619135794,94.29089711835366
2024-03-01,STL,St. Louis,469600.578394264,6083.778619135794,77.18896557432117
2024-04-01,STL,St. Louis,468564.13049706817,6083.778619135794,77.01860304766122
2024-05-01,STL,St. Louis,411589.010140568,6083.778619135794,67.65351534093702
2024-06-01,STL,St. Louis,401351.4279009402,6083.778619135794,65.97074828438654
2024-07-01,STL,St. Louis,425913.69009408355,6083.778619135794,70.00808490210727
2024-08-01,STL,St. Louis,468071.198789889,6083.778619135794,76.93757910875115
2024-09-01,STL,St. Louis,431811.3188793361,6083.778619135794,70.97748716909678
2024-10-01,STL,St. Louis,431756.17756432295,6083.778619135794,70.96842350678011
2024-11-01,STL,St. Louis,483960.6350926459,6083.778619135794,79.54935006517265
2024-12-01,STL,St. Louis,515750.0685109198,6083.778619135794,84.77462787496738
2025-01-01,STL,St. Louis,581958.0024712086,6083.778619135794,95.65732728024155
2025-02-01,STL,St. Louis,503215.5093738586,6083.778619135794,82.71430321133887
2025-03-01,STL,St. Louis,494750.47563394904,6083.778619135794,81.32289266374207
2025-04-01,STL,St. Louis,470210.6563183516,6083.778619135794,77.28924501614188
2025-05-01,STL,St. Louis,458068.8648226559,6083.778619135794,75.29348017067147
2025-06-01,STL,St. Louis,486821.86225168407,6083.778619135794,80.0196543510713
2025-07-01,STL,St. Louis,455467.4130805433,6083.778619135794,74.86587556751742
2025-08-01,STL,St. Louis,462167.61324974895,6083.778619135794,75.96719772084677
2025-09-01,STL,St. Louis,431452.2217374444,6083.778619135794,70.91846182245412
2025-10-01,STL,St. Louis,441219.06851255894,6083.778619135794,72.52385337046248
2025-11-01,STL,St. Louis,462483.1487186849,6083.778619135794,76.01906276865496
2025-12-01,STL,St. Louis,496116.3264107816,6083.778619135794,81.54739964572468
2026-01-01,STL,St. Louis,511564.90850657225,6083.778619135794,84.08670672162633
2022-01-01,TPA,Tampa,381775.3595029712,6867.214585332462,55.59391726572766
2022-02-01,TPA,Tampa,398019.64296233654,6867.214585332462,57.95940086282701
2022-03-01,TPA,Tampa,392398.4894429445,6867.214585332462,57.140851587929134
2022-04-01,TPA,Tampa,408858.34330689907,6867.214585332462,59.53772642843737
2022-05-01,TPA,Tampa,402783.5010575652,6867.214585332462,58.65311125093746
2022-06-01,TPA,Tampa,400194.87843978405,6867.214585332462,58.27615745320553
2022-07-01,TPA,Tampa,386151.51706415415,6867.214585332462,56.231170915923755
2022-08-01,TPA,Tampa,430690.7156920433,6867.214585332462,62.71694445255089
2022-09-01,TPA,Tampa,391377.51287573576,6867.214585332462,56.992177543377004
2022-10-01,TPA,Tampa,403700.86311906576,6867.214585332462,58.786697008321525
2022-11-01,TPA,Tampa,385010.3483694494,6867.214585332462,56.06499456006294
2022-12-01,TPA,Tampa,425872.8332954645,6867.214585332462,62.015367075477336
2023-01-01,TPA,Tampa,411003.9574137032,6867.214585332462,59.85016957116177
2023-02-01,TPA,Tampa,429562.6783076525,6867.214585332462,62.552680270854836
2023-03-01,TPA,Tampa,430337.40529823303,6867.214585332462,62.66549558788822
2023-04-01,TPA,Tampa,422978.1380393803,6867.214585332462,61.59384314898363
2023-05-01,TPA,Tampa,422461.0705137849,6867.214585332462,61.5185480611179
2023-06-01,TPA,Tampa,438648.70442801714,6867.214585332462,63.87578238270253
2023-07-01,TPA,Tampa,422755.0590183437,6867.214585332462,61.561358504989386
2023-08-01,TPA,Tampa,431907.35769343376,6867.214585332462,62.89411118970063
2023-09-01,TPA,Tampa,418678.5228150487,6867.214585332462,60.967735551659516
2023-10-01,TPA,Tampa,429026.8360275626,6867.214585332462,62.47465121359568
2023-11-01,TPA,Tampa,429505.82715529203,6867.214585332462,62.54440163740688
2023-12-01,TPA,Tampa,444721.0463208966,6867.214585332462,64.76003345967473
2024-01-01,TPA,Tampa,465511.9315035939,6867.214585332462,67.78759069184629
2024-02-01,TPA,Tampa,433929.4933153093,6867.214585332462,63.18857346355975
2024-03-01,TPA,Tampa,429149.8036874123,6867.214585332462,62.492557696394734
2024-04-01,TPA,Tampa,438156.6429570019,6867.214585332462,63.80412866271158
2024-05-01,TPA,Tampa,414171.7350252867,6867.214585332462,60.31145959963262
2024-06-01,TPA,Tampa,413773.26099842787,6867.214585332462,60.253434031637426
2024-07-01,TPA,Tampa,406830.1481499076,6867.214585332462,59.24238176841706
2024-08-01,TPA,Tampa,419692.07572442293,6867.214585332462,61.11532856725263
2024-09-01,TPA,Tampa,389218.4218419492,6867.214585332462,56.67777189797922
2024-10-01,TPA,Tampa,343181.6563953161,6867.214585332462,49.97392350725585
2024-11-01,TPA,Tampa,450633.8836250454,6867.214585332462,65.6210575664178
2024-12-01,TPA,Tampa,457553.21331866086,6867.214585332462,66.62864653973958
2025-01-01,TPA,Tampa,467963.61934164166,6867.214585332462,68.14460412248589
2025-02-01,TPA,Tampa,474406.4538476467,6867.214585332462,69.08280612941984
2025-03-01,TPA,Tampa,479861.256437093,6867.214585332462,69.87713147365724
2025-04-01,TPA,Tampa,487625.87775683403,6867.214585332462,71.00781134731741
2025-05-01,TPA,Tampa,478168.56959187984,6867.214585332462,69.63064334893363
2025-06-01,TPA,Tampa,476602.9300658107,6867.214585332462,69.4026557847452
2025-07-01,TPA,Tampa,444578.3371966481,6867.214585332462,64.7392522357192
2025-08-01,TPA,Tampa,449374.5978488922,6867.214585332462,65.43768106630917
2025-09-01,TPA,Tampa,426641.8420140147,6867.214585332462,62.12734970089183
2025-10-01,TPA,Tampa,453561.5366793275,6867.214585332462,66.04738078930575
2025-11-01,TPA,Tampa,450647.54811006784,6867.214585332462,65.62304738118951
2025-12-01,TPA,Tampa,485374.52709686756,6867.214585332462,70.67997090604518
2026-01-01,TPA,Tampa,474900.253816694,6867.214585332462,69.15471300853528
2022-01-01,WAS,Washington,946425.520228833,7698.779655268774,122.93188824817614
2022-02-01,WAS,Washington,722517.4738332331,7698.779655268774,93.84831183456038
2022-03-01,WAS,Washington,752436.1239834428,7698.779655268774,97.73446671752737
2022-04-01,WAS,Washington,664834.9054282606,7698.779655268774,86.35588173682447
2022-05-01,WAS,Washington,680330.9530275762,7698.779655268774,88.3686744511491
2022-06-01,WAS,Washington,664302.7363253236,7698.779655268774,86.28675791113182
2022-07-01,WAS,Washington,695908.960970819,7698.779655268774,90.3921130532114
2022-08-01,WAS,Washington,647075.7358071804,7698.779655268774,84.04913048321166
2022-09-01,WAS,Washington,632152.3045047522,7698.779655268774,82.1107153095529
2022-10-01,WAS,Washington,623463.9688290954,7698.779655268774,80.98218116976741
2022-11-01,WAS,Washington,671157.8405119777,7698.779655268774,87.1771723006335
2022-12-01,WAS,Washington,769238.6512316465,7698.779655268774,99.91695900858868
2023-01-01,WAS,Washington,716911.5247372389,7698.779655268774,93.12015109389576
2023-02-01,WAS,Washington,744306.243635118,7698.779655268774,96.67847073993616
2023-03-01,WAS,Washington,696838.0566607714,7698.779655268774,90.51279395740076
2023-04-01,WAS,Washington,695000.5931935906,7698.779655268774,90.27412451244226
2023-05-01,WAS,Washington,673125.4372884035,7698.779655268774,87.43274485427573
2023-06-01,WAS,Washington,668063.5985608697,7698.779655268774,86.77525899882983
2023-07-01,WAS,Washington,651285.4497482181,7698.779655268774,84.5959332402118
2023-08-01,WAS,Washington,648801.4620402455,7698.779655268774,84.2732862988524
2023-09-01,WAS,Washington,647945.0254965127,7698.779655268774,84.16204314317294
2023-10-01,WAS,Washington,650728.1701788902,7698.779655268774,84.52354779806625
2023-11-01,WAS,Washington,653388.4174389243,7698.779655268774,84.86908921880473
2023-12-01,WAS,Washington,699247.0546278954,7698.779655268774,90.82570042764573
2024-01-01,WAS,Washington,749570.5922076702,7698.779655268774,97.36226074410253
2024-02-01,WAS,Washington,766784.5507155359,7698.779655268774,99.59819413597263
2024-03-01,WAS,Washington,760780.1135856211,7698.779655268774,98.81827349935519
2024-04-01,WAS,Washington,705402.110221386,7698.779655268774,91.62518500430565
2024-05-01,WAS,Washington,582960.6176870465,7698.779655268774,75.72117189872927
2024-06-01,WAS,Washington,597361.2286344767,7698.779655268774,77.59167756225672
2024-07-01,WAS,Washington,611235.8387348801,7698.779655268774,79.39386059926676
2024-08-01,WAS,Washington,663437.6474408861,7698.779655268774,86.17439089672513
2024-09-01,WAS,Washington,656635.9254447557,7698.779655268774,85.29091035816009
2024-10-01,WAS,Washington,638866.0440698862,7698.779655268774,82.98276774718039
2024-11-01,WAS,Washington,688404.9476470351,7698.779655268774,89.41741139141642
2024-12-01,WAS,Washington,718870.3948249817,7698.779655268774,93.37459013169861
2025-01-01,WAS,Washington,1223134.2870419621,7698.779655268774,158.87378803014477
2025-02-01,WAS,Washington,826643.7524740696,7698.779655268774,107.37334869797756
2025-03-01,WAS,Washington,816116.9711439013,7698.779655268774,106.00601753621817
2025-04-01,WAS,Washington,758650.0414324403,7698.779655268774,98.54159690273079
2025-05-01,WAS,Washington,697365.0609713495,7698.779655268774,90.5812469245171
2025-06-01,WAS,Washington,665440.1377083249,7698.779655268774,86.43449579089085
2025-07-01,WAS,Washington,672024.4067636132,7698.779655268774,87.289731211323
2025-08-01,WAS,Washington,673240.0481988192,7698.779655268774,87.44763174746498
2025-09-01,WAS,Washington,633175.3132124543,7698.779655268774,82.24359464283815
2025-10-01,WAS,Washington,658576.3305910826,7698.779655268774,85.54295097150573
2025-11-01,WAS,Washington,722448.7838417888,7698.779655268774,93.83938964240524
2025-12-01,WAS,Washington,734329.1797370315,7698.779655268774,95.38254276890265
2026-01-01,WAS,Washington,834212.5276901722,7698.779655268774,108.35646232832063
