date,region_id,region_name,ntl_sum,area_km2,light_density,lag_1,lag_3,lag_12,mom_pct,yoy_pct,mom_3m_avg,yoy_3m_avg,vol_12m,mom_pct_z,yoy_pct_z,mom_3m_avg_z,trend_score
2022-01-01,AUS,Austin,265688.4300816953,5968.766139759471,44.51312446501749,,,,,,,,,,,,0.0
2022-02-01,AUS,Austin,271849.59173735976,5968.766139759471,45.54535818156795,44.51312446501749,,,0.023189423994751976,,,,,0.03655457041089188,,,0.010966371123267564
2022-03-01,AUS,Austin,292763.38998425007,5968.766139759471,49.049231135741536,45.54535818156795,,,0.07693150507687944,,,,,0.4005114309353702,,,0.12015342928061107
2022-04-01,AUS,Austin,279921.2950692177,5968.766139759471,46.89768178461385,49.049231135741536,44.51312446501749,,-0.04386509841863512,,0.018751943550998768,,,-0.41755797919896637,,0.09238166865388098,-0.1067910600289137
2022-05-01,AUS,Austin,255653.99851423505,5968.766139759471,42.83196770120689,46.89768178461385,45.54535818156795,,-0.08669328479986478,,-0.017875626047206817,,,-0.7076027996339793,,-0.426297517325719,-0.2975403433553376
2022-06-01,AUS,Austin,281826.37408560514,5968.766139759471,47.216856463564206,42.83196770120689,49.049231135741536,,0.10237420781006423,,-0.009394725136145218,,,0.5728167459431106,,-0.3062003656670793,0.11060495064951731
2022-07-01,AUS,Austin,278016.0618467927,5968.766139759471,46.57848127016686,47.216856463564206,46.89768178461385,,-0.013520069763432023,,0.0007202844155891428,,,-0.21205270029107623,,-0.16296277229079137,-0.09620836454548115
2022-08-01,AUS,Austin,277646.0268393159,5968.766139759471,46.51648604388184,46.57848127016686,42.83196770120689,,-0.001330984278457528,,0.02917438458939156,,,-0.12950470072633388,,0.2399727671901811,0.009143143220136055
2022-09-01,AUS,Austin,272393.42732053995,5968.766139759471,45.63647175017597,46.51648604388184,47.216856463564206,,-0.018918331296041972,,-0.011256461779310507,,,-0.24861128306527716,,-0.33256422374388367,-0.14109622966835988
2022-10-01,AUS,Austin,282929.8377592564,5968.766139759471,47.40172945872157,45.63647175017597,46.57848127016686,,0.03868085416876669,,0.006143846198089063,,,0.14146699988217298,,-0.08616028057987692,0.02520804384867651
2022-11-01,AUS,Austin,282744.6190342903,5968.766139759471,47.37069813321323,47.40172945872157,46.51648604388184,,-0.0006546454288204809,,0.006369292481301411,,,-0.12492433912871612,,-0.08296775931948633,-0.0540708536025121
2022-12-01,AUS,Austin,318679.2962856889,5968.766139759471,53.39115134079135,47.37069813321323,45.63647175017597,,0.12709234705909842,,0.055039518599681536,,,0.7402151082308933,,0.6062462273426592,0.3433137779377998
2023-01-01,AUS,Austin,314989.9126584232,5968.766139759471,52.77303638354922,53.39115134079135,47.40172945872157,44.51312446501749,-0.011577104852014849,0.1855612702501512,0.03828686559275437,,0.061525652914394706,-0.19889438198576243,0.7819632449050669,0.3690136585440629,0.40511603956561726
2023-02-01,AUS,Austin,312315.7774825096,5968.766139759471,52.32501494774518,52.77303638354922,47.37069813321323,45.54535818156795,-0.00848958988351289,0.14885505432079216,0.03567521744119023,,0.06186668250616923,-0.17798484085651106,0.5418661386960989,0.3320303819527387,0.2839436934816439
2023-03-01,AUS,Austin,307696.82852086425,5968.766139759471,51.55116171686093,52.32501494774518,53.39115134079135,49.049231135741536,-0.014789355180444086,0.05100855860911287,-0.011618683305323937,0.12847496106001874,0.058889653785832045,-0.22064866691877805,-0.09815244884433046,-0.3376936049263615,-0.18280954548307093
2023-04-01,AUS,Austin,300110.46726059914,5968.766139759471,50.28015174886597,51.55116171686093,52.77303638354922,46.89768178461385,-0.024655311842938586,0.07212445979284704,-0.015978085635631852,0.09066269090758401,0.057668481014768576,-0.2874637686165464,0.03996766626004401,-0.3994266458254895,-0.1461406266200398
2023-05-01,AUS,Austin,282863.41408383846,5968.766139759471,47.39060091492164,50.28015174886597,52.32501494774518,42.83196770120689,-0.05746901577339608,0.10643062783189153,-0.03230456093225958,0.07652121541128382,0.05382775803646093,-0.5096876279132931,0.26436594493700905,-0.6306241565985161,-0.14684814722518663
2023-06-01,AUS,Austin,300700.50979977846,5968.766139759471,50.37900677607987,47.39060091492164,51.55116171686093,47.216856463564206,0.06305904131756394,0.06697079283445728,-0.006355095432923573,0.08184196015306529,0.04862081676029595,0.30656310857948055,0.006257285286546562,-0.2631564870411916,0.04246627780887911
2023-07-01,AUS,Austin,302942.0813293457,5968.766139759471,50.75455701160268,50.37900677607987,50.28015174886597,46.57848127016686,0.007454498600816431,0.08965676053741493,0.004348174714994767,0.0876860604012546,0.04821285101491248,-0.07000687886034214,0.15464728025395616,-0.11158859682785857,0.034003857103303725
2023-08-01,AUS,Austin,298138.83752912283,5968.766139759471,49.94982724203988,50.75455701160268,47.39060091492164,46.51648604388184,-0.01585532052577729,0.07380912640131844,0.018219406464201032,0.07681222659106356,0.04865417289204395,-0.22786769142812827,0.05098715076368466,0.08484046661087867,-0.025898638724420414
2023-09-01,AUS,Austin,313355.7911669612,5968.766139759471,52.499257606964775,49.94982724203988,50.37900677607987,45.63647175017597,0.05103982347268634,0.15037941351726739,0.014213000515908498,0.10461510015200025,0.049452306239124305,0.22516550162606802,0.5518370447846231,0.02810617059397877,0.34908940699892776
2023-10-01,AUS,Austin,296520.6729670167,5968.766139759471,49.67872187047453,52.499257606964775,50.75455701160268,47.40172945872157,-0.05372524993793547,0.0480360619275678,-0.006180248997008801,0.09074153394871787,0.05217861876830926,-0.48433376679409307,-0.11759569117767858,-0.26068050493136163,-0.2562340766133395
2023-11-01,AUS,Austin,306825.0190431476,5968.766139759471,51.40509979094473,49.67872187047453,49.94982724203988,47.37069813321323,0.03475085218519348,0.08516660755951246,0.010688475239981454,0.0945273610014492,0.05281952770245198,0.11485189389827095,0.12527697582092195,-0.021804263571762995,0.09273320336558966
2023-12-01,AUS,Austin,349462.9942076206,5968.766139759471,58.54861558065722,51.40509979094473,52.499257606964775,53.39115134079135,0.13896511861204197,0.09659773408792394,0.039996906953099993,0.07660013452500139,0.055304448560603583,0.8206209386923179,0.20004851875147342,0.3932293755710252,0.42485641609763714
2024-01-01,AUS,Austin,325215.46229600906,5968.766139759471,54.48621284215946,58.54861558065722,49.67872187047453,52.77303638354922,-0.06938512035184416,0.03246310191740806,0.03477695014846376,0.07140914785494815,0.05961509624018678,-0.5903869221111805,-0.2194591641312259,0.3193101126775889,-0.22298363616344927
2024-02-01,AUS,Austin,342886.1981111467,5968.766139759471,57.44674696284286,54.48621284215946,51.40509979094473,52.32501494774518,0.054335472521456735,0.09788304924924605,0.04130515692721818,0.07564796175152601,0.06113468112713892,0.2474845867271445,0.20845582642366317,0.41175536675955055,0.260824362581885
2024-03-01,AUS,Austin,329677.2381231189,5968.766139759471,55.23373347249356,57.44674696284286,58.54861558065722,51.55116171686093,-0.0385228686975208,0.07143528163067883,-0.01785750550930274,0.06726047759911097,0.062362677284992285,-0.3813788599995065,0.035459719085171856,-0.42604091428181795,-0.1818919813136296
2024-04-01,AUS,Austin,291343.6485654116,5968.766139759471,48.811369342266126,55.23373347249356,54.48621284215946,50.28015174886597,-0.11627611835122059,-0.029211972428722234,-0.03348783817576156,0.046702119483734206,0.07158405592507176,-0.9079462736486152,-0.6228787621695195,-0.6473804220067964,-0.7132993475807036
2024-05-01,AUS,Austin,274188.59138816595,5968.766139759471,45.93723140897177,48.811369342266126,57.44674696284286,47.39060091492164,-0.058882550766827586,-0.03066788514792302,-0.07122717927185633,0.0038518080180111832,0.07168806445952938,-0.5192604942424667,-0.632401956591022,-1.1818032880024665,-0.7083397841687443
2024-06-01,AUS,Austin,296579.9051427245,5968.766139759471,49.68864555894229,45.93723140897177,55.23373347249356,50.37900677607987,0.08166391475734108,-0.013703351084431548,-0.031164918120235696,-0.024527736220358944,0.07336342016203522,0.4325606730810985,-0.5214361314929924,-0.6144857938151713,-0.2538470225852009
2024-07-01,AUS,Austin,313752.0070077777,5968.766139759471,52.56563913901663,49.68864555894229,48.811369342266126,50.75455701160268,0.057900422676274356,0.035683143229876556,0.026893928888929285,-0.002896031000826013,0.0751713710901759,0.27162745652578296,-0.19839672057984256,0.2076794722936434,0.023825771126542286
2024-08-01,AUS,Austin,322662.5729763508,5968.766139759471,54.05850479331285,52.56563913901663,45.93723140897177,49.94982724203988,0.02840002858803145,0.08225609132467494,0.055988122007215625,0.03474529449003997,0.07511395817347356,0.0718422863128186,0.10623915054076893,0.6196793010801359,0.19860812138025724
2024-09-01,AUS,Austin,328332.79565918446,5968.766139759471,55.008487176616974,54.05850479331285,49.68864555894229,52.499257606964775,0.01757322713486592,0.04779552481365591,0.03462455946639057,0.055244919789402464,0.0740323144478384,-0.0014799332044014078,-0.11916905589326911,0.3171521241515779,0.0034019169223606024
2024-10-01,AUS,Austin,329980.899987638,5968.766139759471,55.28460862112711,55.008487176616974,52.56563913901663,49.67872187047453,0.005019615311789787,0.11284281357456415,0.016997623678229053,0.08096480990429833,0.07159731290802644,-0.08649661018026245,0.30630835720453753,0.06753892823900481,0.14071298119599102
2024-11-01,AUS,Austin,347565.55023497343,5968.766139759471,58.23072006787982,55.28460862112711,54.05850479331285,51.40509979094473,0.053289903288324045,0.13278099458407155,0.025294248578326583,0.0978064443240972,0.07234555634067366,0.24040369056738423,0.43672494857059063,0.18502656656080843,0.32748889476767223
2024-12-01,AUS,Austin,373715.8472829461,5968.766139759471,62.611909820612624,58.23072006787982,55.008487176616974,58.54861558065722,0.07523846086096185,0.06940034703908182,0.044515993153691896,0.10500805173257251,0.064116573027485,0.38904564760232735,0.022149115025433208,0.4572236830723748,0.21923298840788977
2025-01-01,AUS,Austin,368439.68868768215,5968.766139759471,61.727948467173405,62.611909820612624,55.28460862112711,54.48621284215946,-0.014118102386140719,0.13290950585962824,0.03813675392104839,0.1116969491609272,0.0599382285553198,-0.21610274955358352,0.4375655469432413,0.3668879428457353,0.22732953717469265
2025-02-01,AUS,Austin,352863.0792554617,5968.766139759471,59.11826179701544,61.727948467173405,58.23072006787982,57.44674696284286,-0.04227722992520609,0.02909677087988527,0.006281042849871683,0.07713554125953177,0.06024231573017481,-0.4068044761682407,-0.24147849573996816,-0.08421745312923377,-0.25962408134630305
2025-03-01,AUS,Austin,378358.3992231488,5968.766139759471,63.38971746653084,59.11826179701544,62.611909820612624,55.23373347249356,0.07225272766275817,0.14766309429542662,0.0052857984504704565,0.10322312367831338,0.06159214613594016,0.36882540195308866,0.5340694714134295,-0.09831100507916915,0.35802015527680753
2025-04-01,AUS,Austin,360223.98292058706,5968.766139759471,60.35149886691713,63.38971746653084,61.727948467173405,48.811369342266126,-0.04792920241706168,0.23642298259922662,-0.005984568226503198,0.13772761592484617,0.05071953850770449,-0.4450812626730822,1.114652127228088,-0.25790948998630564,0.37221978681485823
2025-05-01,AUS,Austin,347639.2916327119,5968.766139759471,58.243074614198406,60.35149886691713,59.11826179701544,45.93723140897177,-0.034935739663534714,0.26788386735085745,-0.0035374048059460725,0.21732331474850355,0.04776100403788092,-0.35708578843961186,1.3204392724401526,-0.22325546448427483,0.5084428067913378
2025-06-01,AUS,Austin,333668.2652666569,5968.766139759471,55.90238542669776,58.243074614198406,63.38971746653084,49.68864555894229,-0.0401882833797039,0.12505351671106693,-0.041017741820100095,0.2097867888870503,0.04663241049872741,-0.39265752816779803,0.3861791478491857,-0.7540106007381112,-0.0755098046733688
2025-07-01,AUS,Austin,353551.65269619226,5968.766139759471,59.233624574615966,55.90238542669776,60.35149886691713,52.56563913901663,0.0595902862192939,0.12685064891848807,-0.0051779122746482345,0.17326267766013748,0.04678969076500616,0.2830716994253514,0.3979342751907549,-0.24648651933705376,0.2345913435555721
2025-08-01,AUS,Austin,353038.99390757084,5968.766139759471,59.147734329192126,59.233624574615966,58.243074614198406,54.05850479331285,-0.001450025151097167,0.09414299480419268,0.005983992562830948,0.1153490534779159,0.04657310707929531,-0.13031087982114428,0.18399195221092887,-0.08842395120615895,0.03521792191788936
2025-09-01,AUS,Austin,351943.7930098772,5968.766139759471,58.964245669718906,59.147734329192126,55.90238542669776,55.008487176616974,-0.0031022094346335695,0.07191178481969683,0.018346017211187723,0.09763514284745918,0.04658958966896277,-0.14149994791705342,0.0385765491338683,0.08663338816979485,-0.005835032174222904
2025-10-01,AUS,Austin,348208.72241061926,5968.766139759471,58.338476371374696,58.964245669718906,59.233624574615966,55.28460862112711,-0.010612690643909546,0.0552390226939319,-0.00505497507654676,0.07376460077260714,0.04686111962446925,-0.1923630910428083,-0.07048078182638527,-0.24474561852006343,-0.1418984419300478
2025-11-01,AUS,Austin,348542.11848044395,5968.766139759471,58.39433315349987,58.338476371374696,59.147734329192126,58.23072006787982,0.0009574604206253017,0.002809738320757926,-0.004252479885972603,0.04332018194479554,0.04437652357890826,-0.11400669373830416,-0.4134232274010507,-0.23338156797656415,-0.2875899354173294
2025-12-01,AUS,Austin,381530.6809337139,5968.766139759471,63.92119778194037,58.39433315349987,58.964245669718906,62.611909820612624,0.09464727705532923,0.02091116474611534,0.02833068227734833,0.02631997525360172,0.047562872095124324,0.5204877441189025,-0.29502093522942213,0.2280251869051619,0.054240893001992085
2026-01-01,AUS,Austin,379083.78319874406,5968.766139759471,63.51124743748469,63.92119778194037,58.338476371374696,61.727948467173405,-0.0064133708172080485,0.02888965233081794,0.029730455552915494,0.0175368517992304,0.047366266496691185,-0.16392408701300806,-0.24283326803164124,0.24784723000252165,-0.12102441411921872
2022-01-01,CLE,Cleveland,290211.4530406594,2318.338445241436,125.18079646064632,,,,,,,,,,,,0.0
2022-02-01,CLE,Cleveland,355191.52349463105,2318.338445241436,153.20952133787387,125.18079646064632,,,0.2239059477947887,,,,,1.3958647122346037,,,0.4187594136703811
2022-03-01,CLE,Cleveland,238933.33458328247,2318.338445241436,103.06231821920184,153.20952133787387,,,-0.32731127074068783,,,,,-2.3371371419106675,,,-0.7011411425732003
2022-04-01,CLE,Cleveland,232462.7761567924,2318.338445241436,100.27128551223387,103.06231821920184,125.18079646064632,,-0.02708102005848305,,-0.043495447668127386,,,-0.3038913636947653,,-0.789097134364264,-0.2489868359812824
2022-05-01,CLE,Cleveland,239800.8473111484,2318.338445241436,103.43651411352718,100.27128551223387,153.20952133787387,,0.03156665026406912,,-0.10760854684503392,,,0.09328756086253666,,-1.6969960328305274,-0.3114129383073445
2022-06-01,CLE,Cleveland,224307.40140325576,2318.338445241436,96.753518393168,103.43651411352718,103.06231821920184,,-0.06460963787917522,,-0.02004133589119637,,,-0.5580459786038723,,-0.4569659081381834,-0.25880697520879836
2022-07-01,CLE,Cleveland,226952.48390316963,2318.338445241436,97.89445728642714,96.753518393168,100.27128551223387,,0.011792221225721456,,-0.007083588796461535,,,-0.04063057119607751,,-0.2734726054442516,-0.06688369244767357
2022-08-01,CLE,Cleveland,224628.75540095568,2318.338445241436,96.89213232089696,97.89445728642714,103.43651411352718,,-0.010238832650121332,,-0.021018749767858353,,,-0.18983121697017602,,-0.47080696391866417,-0.15111075787478565
2022-09-01,CLE,Cleveland,218364.29448853436,2318.338445241436,94.18999841750608,96.89213232089696,96.753518393168,,-0.027888063134390444,,-0.008778224852930096,,,-0.3093568919791353,,-0.2974701695726631,-0.1523011015082732
2022-10-01,CLE,Cleveland,223988.56898090243,2318.338445241436,96.6159921303362,94.18999841750608,97.89445728642714,,0.025756383412139722,,-0.004123504124124006,,,0.05393875933387886,,-0.23155515568930152,-0.03012940333769665
2022-11-01,CLE,Cleveland,263916.2033486366,2318.338445241436,113.8385139108332,96.6159921303362,96.89213232089696,,0.17825746442952844,,0.058708594902425915,,,1.086720027868274,,0.658203633495475,0.4576567350595772
2022-12-01,CLE,Cleveland,285356.3445283621,2318.338445241436,123.0865774210308,113.8385139108332,94.18999841750608,,0.08123844200427079,,0.09508409661531299,,,0.429679248984225,,1.173313312488867,0.36356643719304094
2023-01-01,CLE,Cleveland,285043.46465826035,2318.338445241436,122.9516187523584,123.0865774210308,96.6159921303362,125.18079646064632,-0.0010964531754811587,-0.017807665163631692,0.08613315108610603,,0.13567725914456433,-0.12791638850961531,-0.548282645317385,1.0465599081061683,-0.10320425759034346
2023-02-01,CLE,Cleveland,241952.06576111916,2318.338445241436,104.36442800564517,122.9516187523584,113.8385139108332,153.20952133787387,-0.15117483555991573,-0.31881238780526133,-0.023677615577042028,,0.12409020622380097,-1.144290443726397,-2.5171688688543545,-0.5084588848259127,-1.703563344510279
2023-03-01,CLE,Cleveland,314987.35814991035,2318.338445241436,135.86771974404584,104.36442800564517,123.0865774210308,103.06231821920184,0.3018585196164409,0.3183064585746135,0.049862410293681346,-0.006104531464759848,0.11670638069205196,1.9237819930459095,1.6502558425731262,0.5329337375613018,1.5088492667125963
2023-04-01,CLE,Cleveland,265468.0009466987,2318.338445241436,114.50787157137984,135.86771974404584,122.9516187523584,100.27128551223387,-0.1572106178929382,0.1419806875559503,-0.002175644612137669,0.04715825277510082,0.1279028760365151,-1.1851665010822503,0.49690057835520074,-0.20397172066583247,-0.1478940052802412
2023-05-01,CLE,Cleveland,233915.9800583124,2318.338445241436,100.89811543195628,114.50787157137984,104.36442800564517,103.43651411352718,-0.11885432811437553,-0.024540644117075197,0.008597857869709064,0.1452488340044962,0.13371154691050433,-0.9254066531552715,-0.592323381251559,-0.05140927771009717,-0.5840655421143803
2023-06-01,CLE,Cleveland,232284.9200824201,2318.338445241436,100.1945684674308,100.89811543195628,135.86771974404584,96.753518393168,-0.006972845444273384,0.03556511568168239,-0.09434593048386236,0.051001719706852494,0.13198221334632396,-0.16771301041734418,-0.19916874439261842,-1.5091855083094243,-0.45173537698339733
2023-07-01,CLE,Cleveland,228450.3987405896,2318.338445241436,98.54057297350232,100.1945684674308,114.50787157137984,97.89445728642714,-0.016507835895975976,0.006600125328696861,-0.04744500315154162,0.005874865631101342,0.1322088050873051,-0.2322867135575199,-0.38863012549783044,-0.8450263768881502,-0.43300635219380124
2023-08-01,CLE,Cleveland,225589.85019105676,2318.338445241436,97.30669422063758,98.54057297350232,100.89811543195628,96.89213232089696,-0.012521530123399339,0.004278591974502447,-0.012000737154549551,0.015481277661627225,0.13223922451685366,-0.20529030208881532,-0.4038153857104979,-0.34310382956562946,-0.3321155493950194
2023-09-01,CLE,Cleveland,221826.6413269639,2318.338445241436,95.68345889370887,97.30669422063758,100.1945684674308,94.18999841750608,-0.01668164086684633,0.01585582865797379,-0.0152370022954072,0.008911515320391023,0.13200281895693103,-0.23346377090751078,-0.3280881292984716,-0.3889322420780566,-0.31186964433710035
2023-10-01,CLE,Cleveland,222061.792996496,2318.338445241436,95.78489001564655,95.68345889370887,98.54057297350232,96.6159921303362,0.0010600695575852387,-0.008602117479355539,-0.009381033810886796,0.0038441010510402236,0.1319076013049778,-0.11331179509282754,-0.4880687195802036,-0.3060064842406587,-0.3392291951660818
2023-11-01,CLE,Cleveland,257703.737377584,2318.338445241436,111.15880768251948,95.78489001564655,97.30669422063758,113.8385139108332,0.16050462306071012,-0.02353953979417427,0.04829435058381635,-0.005428609538518682,0.12989378360933188,0.9664926700904791,-0.5857751102065573,0.5107286078515755,0.0992059674941802
2023-12-01,CLE,Cleveland,256339.5935397148,2318.338445241436,110.57039323394352,111.15880768251948,95.68345889370887,123.0865774210308,-0.005293457719126767,-0.10168602011147268,0.0520904116330562,-0.04460922579500084,0.1276780533114432,-0.15633971277534092,-1.096934959010047,0.5644842317312733,-0.4824725469913711
2024-01-01,CLE,Cleveland,231261.15792524812,2318.338445241436,99.75297541216602,110.57039323394352,95.78489001564655,122.9516187523584,-0.09783286018428218,-0.1886810728935392,0.019126101719100397,-0.10463554426639539,0.13064167584231637,-0.783043214349081,-1.6659737416420688,0.0976800833777473,-1.0483638184502093
2024-02-01,CLE,Cleveland,406125.337613374,2318.338445241436,175.17948617337424,99.75297541216602,111.15880768251948,104.36442800564517,0.7561329418952759,0.6785363511396683,0.21766887466395568,0.12938975271155212,0.24974751104336104,5.000259293887918,4.006536722664035,2.909223545934301,4.0851908586852534
2024-03-01,CLE,Cleveland,293817.10624814034,2318.338445241436,126.73607119410114,175.17948617337424,110.57039323394352,135.86771974404584,-0.27653588920410976,-0.06720984621768393,0.127254730835628,0.14088181067614836,0.2557553733866048,-1.9932716256545195,-0.8714246639421462,1.6288783022734454,-0.7079181592127399
2024-04-01,CLE,Cleveland,247198.9844326377,2318.338445241436,106.62765177363652,126.73607119410114,99.75297541216602,114.50787157137984,-0.1586637429344627,-0.06881814926435947,0.10697776991890114,0.18083611855254159,0.25584591185882183,-1.1950074826262018,-0.8819446507519281,1.3417383774081246,-0.5311268946821996
2024-05-01,CLE,Cleveland,227154.95920571685,2318.338445241436,97.9817936729512,106.62765177363652,175.17948617337424,100.89811543195628,-0.08108457756380028,-0.028903629631931,-0.17209473656745758,-0.054977208371324825,0.25424569566372773,-0.6696190179095715,-0.6208618772535579,-2.6101782275287904,-1.0333522895054084
2024-06-01,CLE,Cleveland,208209.8843228221,2318.338445241436,89.80996055609937,97.9817936729512,126.73607119410114,100.1945684674308,-0.0834015464559488,-0.10364441975422095,-0.1077166223180706,-0.06712206621683715,0.2559471807845088,-0.685310198953167,-1.1097449443250533,-1.6985264783117304,-1.1001708275108228
2024-07-01,CLE,Cleveland,204570.8136138618,2318.338445241436,88.24027140375419,89.80996055609937,106.62765177363652,98.54057297350232,-0.01747789602206403,-0.10452853336379414,-0.06065467334727104,-0.07902552758331538,0.2559578790336968,-0.23885624028409844,-1.1155279735435106,-1.0320871362926065,-0.8358382861155061
2024-08-01,CLE,Cleveland,232293.16103815477,2318.338445241436,100.1981231493417,88.24027140375419,97.9817936729512,97.30669422063758,0.13551467550312585,0.029714594169111937,0.01154507767503767,-0.059486119649634406,0.2581208221526023,0.7972535436072573,-0.2374372841866633,-0.009674005992650558,0.11852261979031542
2024-09-01,CLE,Cleveland,232799.06928041577,2318.338445241436,100.41634333341338,100.1981231493417,89.80996055609937,95.68345889370887,0.002177886942517212,0.04946397731045747,0.04007155547452634,-0.0084499872947416,0.25789228688339705,-0.10574161362855183,-0.10825562866611727,0.3942864654831523,-0.006993005324993695
2024-10-01,CLE,Cleveland,237574.0618019402,2318.338445241436,102.47600486873642,100.41634333341338,88.24027140375419,95.78489001564655,0.02051121826338896,0.06985564061301183,0.052734593569677336,0.049678070697527055,0.2577691811005504,0.01841698939061182,0.025127211971915236,0.5736064248272023,0.1328099877685816
2024-11-01,CLE,Cleveland,240106.59519308803,2318.338445241436,103.56839644613794,102.47600486873642,100.1981231493417,111.15880768251948,0.010659974291550306,-0.0682843887464186,0.011116359832485488,0.01701174305901688,0.25445661269139,-0.04829847372612007,-0.8784532977883636,-0.015745034565640848,-0.456865197925146
2024-12-01,CLE,Cleveland,358488.0284408331,2318.338445241436,154.63144700751383,103.56839644613794,100.41634333341338,110.57039323394352,0.4930369911436437,0.3984887137042776,0.17473606123286098,0.13335332185695692,0.2888206316986052,3.218497696194386,2.174731791360411,2.301256460852435,2.513166496709008
2025-01-01,CLE,Cleveland,395649.815711081,2318.338445241436,170.66093888197474,154.63144700751383,102.47600486873642,99.75297541216602,0.10366256143022456,0.7108355733433158,0.2024531756218062,0.34701329943372494,0.28472832760074995,0.5815418479376228,4.217807473068288,2.6937556216393923,2.8221174152433095
2025-02-01,CLE,Cleveland,271233.89108005166,2318.338445241436,116.99495025706004,170.66093888197474,103.56839644613794,175.17948617337424,-0.31445970575627086,-0.3321424054111522,0.09407994893919913,0.259060627212147,0.20993590217651947,-2.2501026402618236,-2.6043611487409093,1.15909368216768,-1.7453926300154659
2025-03-01,CLE,Cleveland,272547.1078475304,2318.338445241436,117.56139764966322,116.99495025706004,154.63144700751383,126.73607119410114,0.004841639672127628,-0.07239196748009143,-0.06865183488463955,0.10210040015069072,0.1929543221961164,-0.08770191250121809,-0.9053211658731128,-1.1453341052247978,-0.7080379777318815
2025-04-01,CLE,Cleveland,288791.9660862386,2318.338445241436,124.56851012370772,117.56139764966322,170.66093888197474,106.62765177363652,0.05960385478680618,0.16825708952269222,-0.08333807043244568,-0.07875909445618383,0.18580499006401852,0.28316358967474525,0.6687757748053005,-1.353304352298301,0.14867609384541364
2025-05-01,CLE,Cleveland,250916.7275612876,2318.338445241436,108.2312757554071,124.56851012370772,116.99495025706004,97.9817936729512,-0.13115059618258487,0.10460598544120514,-0.02223503390788369,0.06682370249460196,0.1890067026407779,-1.0086805240616434,0.25243087217676813,-0.488030636539824,-0.27399484843807376
2025-06-01,CLE,Cleveland,253413.17420092225,2318.338445241436,109.3081015505186,108.2312757554071,117.56139764966322,89.80996055609937,0.009949303356129998,0.21710443778938984,-0.020532479346549566,0.1633225042510957,0.18609985544653637,-0.05311134210251027,0.9882886057488779,-0.46392093929139117,0.3854267123854076
2025-07-01,CLE,Cleveland,235736.76214671132,2318.338445241436,101.68349777858312,109.3081015505186,124.56851012370772,88.24027140375419,-0.06975332718967443,0.15234797174770454,-0.06365154000537644,0.1580194649927665,0.18795080289548174,-0.5928805249271109,0.5647134779054169,-1.0745254519047807,-0.11041250890638094
2025-08-01,CLE,Cleveland,225479.04490697384,2318.338445241436,97.25889909205732,101.68349777858312,108.2312757554071,100.1981231493417,-0.043513439084878924,-0.02933412288475274,-0.03443915430614112,0.11337276221744719,0.18564973705012774,-0.4151764408492988,-0.6236777541187706,-0.6608519103290439,-0.5685621913799837
2025-09-01,CLE,Cleveland,229144.59064513445,2318.338445241436,98.84000807365766,97.25889909205732,109.3081015505186,100.41634333341338,0.016256702434023943,-0.01569799504172146,-0.03233668794684314,0.03577195127374343,0.1856256070628564,-0.010395817875654374,-0.5344831925952364,-0.6310791038951823,-0.3965761624393509
2025-10-01,CLE,Cleveland,230885.74611535668,2318.338445241436,99.59104400363418,98.84000807365766,101.68349777858312,102.47600486873642,0.007598501301384317,-0.028152550138909573,-0.0065527451164902216,-0.024394889355127944,0.18561745454814832,-0.06903165107328191,-0.6159490305260611,-0.2659553835583795,-0.381875087296691
2025-11-01,CLE,Cleveland,237663.44483363628,2318.338445241436,102.51455965001936,99.59104400363418,97.25889909205732,103.56839644613794,0.02935520634042657,-0.010175273850712128,0.01773680335861161,-0.018008606343781073,0.18568154588608785,0.07831102531593412,-0.49835881031316887,0.07800637445832125,-0.21008482267013995
2025-12-01,CLE,Cleveland,479484.5066882912,2318.338445241436,206.8224799845205,102.51455965001936,98.84000807365766,154.63144700751383,1.017493716898402,0.33751888110101314,0.3514824748467376,0.09973035237046379,0.32108917031045214,6.77026978136822,1.7759252131432213,4.804143956356653,3.8798723322534068
2026-01-01,CLE,Cleveland,617404.8424526248,2318.338445241436,266.3135072965273,206.8224799845205,99.59104400363418,170.66093888197474,0.28764294537256957,0.5604830785602539,0.444830622870466,0.29594222860351826,0.3278162475526449,1.8275100276107512,3.234344645459338,6.126037326863624,3.3906327963856193
2022-01-01,DET,Detroit,542634.6308998466,2470.1905936511034,219.6731832331193,,,,,,,,,,,,0.0
2022-02-01,DET,Detroit,596286.385930121,2470.1905936511034,241.39286557996752,219.6731832331193,,,0.09887270729718109,,,,,0.5491035754046215,,,0.16473107262138645
2022-03-01,DET,Detroit,458973.3949363828,2470.1905936511034,185.8048508953271,241.39286557996752,,,-0.23028027175155052,,,,,-1.6800152542846096,,,-0.5040045762853829
2022-04-01,DET,Detroit,475395.6888785362,2470.1905936511034,192.4530398991886,185.8048508953271,219.6731832331193,,0.03578049212292507,,-0.03187569077714812,,,0.12182491227905777,,-0.6245509711432886,-0.0883627205449404
2022-05-01,DET,Detroit,447166.34226840734,2470.1905936511034,181.02503645577656,192.4530398991886,241.39286557996752,,-0.05938073750042248,,-0.08462683904301599,,,-0.5226343583702264,,-1.3715544699331719,-0.4311012014977023
2022-06-01,DET,Detroit,419130.4437147379,2470.1905936511034,169.675346020663,181.02503645577656,185.8048508953271,,-0.06269679961029162,,-0.028765681662596344,,,-0.5450916866037161,,-0.5805104570272802,-0.2796295973865709
2022-07-01,DET,Detroit,426131.0991567373,2470.1905936511034,172.50940079359935,169.675346020663,192.4530398991886,,0.016702808271221826,,-0.03512490961316409,,,-0.007374660587010015,,-0.6705628195793615,-0.1363249620919753
2022-08-01,DET,Detroit,427134.9968594909,2470.1905936511034,172.9158057509066,172.50940079359935,181.02503645577656,,0.0023558423798219126,,-0.01454604965308263,,,-0.10453644812378282,,-0.3791477339055864,-0.10719048121825214
2022-09-01,DET,Detroit,419956.5914632082,2470.1905936511034,170.00979298625086,172.9158057509066,169.675346020663,,-0.016805940625474056,,0.0007509033418565588,,,-0.2343055646937425,,-0.16252918087519466,-0.10279750558316167
2022-10-01,DET,Detroit,434267.9738528729,2470.1905936511034,175.8034278686959,170.00979298625086,172.50940079359935,,0.034078242086404954,,0.006542714613584268,,,0.11029678447595383,,-0.08051194662456689,0.01698664601787277
2022-11-01,DET,Detroit,469045.02845162153,2470.1905936511034,189.8821206983637,175.8034278686959,172.9158057509066,,0.08008201546663185,,0.03245143897585425,,,0.42184759521140097,,0.28637879194768007,0.1838300369529563
2022-12-01,DET,Detroit,721929.0440915823,2470.1905936511034,292.25641371442674,189.8821206983637,170.00979298625086,,0.5391465644029182,,0.21776894065198502,,,3.5307650142002376,,2.9106405699352016,1.6413576182471115
2023-01-01,DET,Detroit,598278.8224803805,2470.1905936511034,242.19945781434024,292.25641371442674,175.8034278686959,219.6731832331193,-0.17127752737361238,0.10254449018165247,0.1493170174986459,,0.18920323359620103,-1.280431665898706,0.2389465335232102,1.9413000384888708,0.12360377468976746
2023-02-01,DET,Detroit,453596.8621259928,2470.1905936511034,183.62828491527324,242.19945781434024,189.8821206983637,241.39286557996752,-0.24183032211395433,-0.2392969673147125,0.04201290497178383,,0.20179797884189196,-1.7582355238416458,-1.9970547171937363,0.4217777128682574,-1.4416424731757103
2023-03-01,DET,Detroit,579995.2863014936,2470.1905936511034,234.7977875845696,183.62828491527324,292.25641371442674,185.8048508953271,0.27865806562919293,0.26367953502377933,-0.04481659461945794,0.042309019296906426,0.20388737780956614,1.766661832718707,1.2929385344938888,-0.8078057582995286,1.0149066654026506
2023-04-01,DET,Detroit,474616.0199189186,2470.1905936511034,192.13740880512583,234.7977875845696,242.19945781434024,192.4530398991886,-0.1816898669203956,-0.0016400421330217251,-0.04828737446838568,0.007580841858681696,0.21337554486519322,-1.3509470299459383,-0.4425294532314064,-0.8569551090892255,-0.7979398574173298
2023-05-01,DET,Detroit,449738.67791152,2470.1905936511034,182.0663875360228,192.13740880512583,183.62828491527324,181.02503645577656,-0.05241572337075441,0.0057525251790276006,0.014850825112680965,0.08926400602326172,0.21315494776293237,-0.4754652755007197,-0.3941743184364195,0.037138338064569475,-0.33229907425551175
2023-06-01,DET,Detroit,449219.1773656607,2470.1905936511034,181.85607965646295,182.0663875360228,234.7977875845696,169.675346020663,-0.0011551164517845925,0.07178847087376258,-0.0784202355809782,0.02530031797325616,0.21175446143227072,-0.1283136731223725,0.03776994674175572,-1.2836634068159063,-0.2763418099290152
2023-07-01,DET,Detroit,446662.3311457634,2470.1905936511034,180.8209991139053,181.85607965646295,192.13740880512583,172.50940079359935,-0.005691756605074708,0.04818055295578025,-0.019754198809204575,0.04190718300285682,0.2119215123497427,-0.15903710761307488,-0.11665056848200948,-0.45289978992215635,-0.19661637450935848
2023-08-01,DET,Detroit,435130.27974271774,2470.1905936511034,176.1525126284149,180.8209991139053,182.0663875360228,172.9158057509066,-0.025818276131466006,0.01871839802875476,-0.010888383062775106,0.046229140619432535,0.21231408679041078,-0.29533969792244164,-0.30936392673916574,-0.3273518994984237,-0.3087542526460001
2023-09-01,DET,Detroit,436819.9500983357,2470.1905936511034,176.8365369138125,176.1525126284149,181.85607965646295,170.00979298625086,0.0038831366932613643,0.040155004059758685,-0.009208965347759787,0.035684651681431236,0.21207538674854734,-0.09419317089626265,-0.16914606595801426,-0.3035698407132145,-0.17354495239052883
2023-10-01,DET,Detroit,436877.2387277484,2470.1905936511034,176.85972890132953,176.8365369138125,180.8209991139053,175.8034278686959,0.00013114929709543617,0.006008421140812778,-0.007267996713703074,0.02162727440977541,0.21211629733138251,-0.11960271079385505,-0.3925004907655579,-0.27608398669210055,-0.2873478559593555
2023-11-01,DET,Detroit,485524.5173140764,2470.1905936511034,196.5534637537581,176.85972890132953,176.1525126284149,189.8821206983637,0.11135228451817744,0.03513412969508662,0.03845552350284474,0.027099184965219365,0.2131312355818948,0.6336188687198469,-0.20198784425290928,0.3714020055863133,0.16337213960676208
2023-12-01,DET,Detroit,522865.8353344798,2470.1905936511034,211.67023980997752,196.5534637537581,176.8365369138125,292.25641371442674,0.07690923256970776,-0.2757379141153515,0.06279755546166021,-0.07819845442648403,0.14033027355851763,0.40036059509829447,-2.235416685400606,0.7161069767320473,-0.8543787688244052
2024-01-01,DET,Detroit,545561.4272422194,2470.1905936511034,220.85802959675428,211.67023980997752,176.85972890132953,242.19945781434024,0.043406148143569474,-0.08811509493115953,0.07722255507715156,-0.10957295978380814,0.13239127894133462,0.17346805241856975,-1.0081668912080632,0.9203778890637692,-0.2679674520657068
2024-02-01,DET,Detroit,482013.6535873413,2470.1905936511034,195.13217110704545,220.85802959675428,196.5534637537581,183.62828491527324,-0.11648142717147057,0.06264768086833761,0.0012779845139355474,-0.10040177605939114,0.11538816660373723,-0.9093366841454098,-0.022020395934537574,-0.155065239470453,-0.3148242511049823
2024-03-01,DET,Detroit,499401.6383680701,2470.1905936511034,202.17129789565016,195.13217110704545,211.67023980997752,234.7977875845696,0.03607363536555531,-0.1389556947046105,-0.012333881220781938,-0.054807702922477476,0.0800600645543177,0.12381016279640604,-1.3407176751686216,-0.34782144787836117,-0.7027800783210612
2024-04-01,DET,Detroit,501368.43247383833,2470.1905936511034,202.9675093745633,202.17129789565016,220.85802959675428,192.13740880512583,0.00393830126828437,0.056366433984866654,-0.025489830179210304,-0.006647193283802084,0.058843440478009185,-0.0938195804968351,-0.06310633088920095,-0.534121466454562,-0.16652333288456342
2024-05-01,DET,Detroit,428315.0397565365,2470.1905936511034,173.3935190496612,202.9675093745633,195.13217110704545,182.0663875360228,-0.14570800231048422,-0.04763574761786074,-0.03523202189221485,-0.04340833611253486,0.07198410973524456,-1.1072674735248278,-0.7433895529541031,-0.672079625371171,-0.8382909436087342
2024-06-01,DET,Detroit,424362.4540207982,2470.1905936511034,171.79340537993173,173.3935190496612,202.17129789565016,181.85607965646295,-0.009228220746077495,-0.05533317497847871,-0.05033264059609246,-0.015534162870490935,0.07201732497911735,-0.18298706191703684,-0.7937387918430919,-0.885917909020198,-0.6289490963006966
2024-07-01,DET,Detroit,416928.2265713215,2470.1905936511034,168.78382892514958,171.79340537993173,202.9675093745633,180.8209991139053,-0.017518579645861752,-0.06656953698819619,-0.057484934234141166,-0.05651281986151189,0.07214922220773935,-0.23913176150869617,-0.8672363707828957,-0.9872007919077351,-0.7027978722256037
2024-08-01,DET,Detroit,467876.6442414224,2470.1905936511034,189.40912715154911,168.78382892514958,173.3935190496612,176.1525126284149,0.1221994924380239,0.0752564600148417,0.031817564015361545,-0.015548750650611074,0.080150191265351,0.7070792867101822,0.06045422884644497,0.27740255486376186,0.2978314114090295
2024-09-01,DET,Detroit,463605.7579565048,2470.1905936511034,187.68015680574072,189.40912715154911,171.79340537993173,176.8365369138125,-0.009128231420574662,0.06132001950034368,0.031850893790529154,0.023335647508996388,0.08031472349299938,-0.18230990538972708,-0.030704692160938265,0.27787453432738607,-0.014470410831910037
2024-10-01,DET,Detroit,470496.78998208046,2470.1905936511034,190.4698330531068,187.68015680574072,168.78382892514958,176.85972890132953,0.014863991456771622,0.07695422941290603,0.04264508415807361,0.07117690297603047,0.08029618102070424,-0.01982765796618082,0.07155941932071964,0.43072993627087414,0.1159773995246804
2024-11-01,DET,Detroit,513006.9889176488,2470.1905936511034,207.6791119827685,190.4698330531068,189.40912715154911,196.5534637537581,0.09035173000263715,0.056603674219389874,0.032029163346278026,0.06495930771087986,0.0780658119050231,0.4913970615838543,-0.06155453121867695,0.2803989908795156,0.17272165104172094
2024-12-01,DET,Detroit,647189.6475622654,2470.1905936511034,261.99988342020066,207.6791119827685,187.68015680574072,211.67023980997752,0.26156107332517514,0.23777382996969965,0.12225893159486129,0.12377724453399852,0.10614523380600206,1.6508760738108543,1.1234880842007366,1.5581333112204403,1.3686335264877125
2025-01-01,DET,Detroit,675717.7784234285,2470.1905936511034,273.5488428140573,261.99988342020066,190.4698330531068,220.85802959675428,0.04408001730036725,0.23857322875471934,0.13199760687605983,0.17765024431460294,0.1061572689383781,0.1780316885445619,1.1287169897179812,1.6960416743136655,0.9569763362850923
2025-02-01,DET,Detroit,785433.5880514383,2470.1905936511034,317.96477165371925,273.5488428140573,207.6791119827685,195.13217110704545,0.16236928068401052,0.6294841073606996,0.15600345710318428,0.36861038869503954,0.10335210812002951,0.9791206688740086,3.685683660418322,2.035986011083504,2.543775233088064
2025-03-01,DET,Detroit,559715.7330061197,2470.1905936511034,226.5880756103209,317.96477165371925,261.99988342020066,202.17129789565016,-0.28737993699161263,0.12077272080072105,-0.026976879669078302,0.3296100189720466,0.14139671659813255,-2.0667106423179344,0.3581782579638529,-0.5551794189034163,-0.5519599474941372
2025-04-01,DET,Detroit,544872.3120811582,2470.1905936511034,220.57905713089173,226.5880756103209,273.5488428140573,202.9675093745633,-0.026519570649266244,0.08677028067496001,-0.05051007565228947,0.27900903627879353,0.14196779520233874,-0.3000890664966051,0.13576667803008133,-0.8884305483113678,-0.19982949059621444
2025-05-01,DET,Detroit,492027.3342309594,2470.1905936511034,199.1859800193437,220.57905713089173,317.96477165371925,173.3935190496612,-0.09698598493352595,0.14875100932864369,-0.13696183085813496,0.11876467026810826,0.1375293154322885,-0.7773079310977664,0.5411855754482159,-2.1126648207068905,-0.3851325557466001
2025-06-01,DET,Detroit,487384.4303574562,2470.1905936511034,197.3064068862274,199.1859800193437,226.5880756103209,171.79340537993173,-0.009436272236297841,0.1485097838876416,-0.044313942606363364,0.12801035796374843,0.13753344741196544,-0.1843960465652554,0.5396077083523527,-0.8006877556626386,0.054347489074072025
2025-07-01,DET,Detroit,485996.92920577526,2470.1905936511034,196.74470887181215,197.3064068862274,220.57905713089173,168.78382892514958,-0.002846831095247371,0.16566089372852397,-0.03642302942169041,0.1543072289816031,0.13722763318224646,-0.13977045220759407,0.6517939344943486,-0.6889453585514097,0.14617675987461412
2025-08-01,DET,Detroit,504958.5639058352,2470.1905936511034,204.420891733489,196.74470887181215,199.1859800193437,189.40912715154911,0.039015955781958066,0.07925576136533659,0.008910950816804266,0.1311421463271674,0.13375913119738334,0.1437364045765584,0.08661384941205658,-0.04697560120038824,0.07703272583891817
2025-09-01,DET,Detroit,490645.95734643936,2470.1905936511034,198.62676127400863,204.420891733489,197.3064068862274,187.68015680574072,-0.028344120849616374,0.058325848904731276,0.0026083346123647565,0.10108083466619727,0.13418852136312712,-0.31244544625372583,-0.05028970459823292,-0.13622629073073245,-0.1461237443213807
2025-10-01,DET,Detroit,502163.409376204,2470.1905936511034,203.2893375381102,198.62676127400863,196.74470887181215,190.4698330531068,0.023474058753188243,0.06730464493781048,0.011381964561843294,0.06829541840262611,0.1342201105879712,0.03848219902129675,0.008441027791389378,-0.011983833745415312,0.01336840685300065
2025-11-01,DET,Detroit,516214.2474960089,2470.1905936511034,208.97749704933108,203.2893375381102,204.420891733489,207.6791119827685,0.02798060921495466,0.006251880866431658,0.007703515706175491,0.04396079156965781,0.1321916767034653,0.06900185744972903,-0.3909080091076279,-0.06407396364087085,-0.18756824004706943
2025-12-01,DET,Detroit,664394.1408060789,2470.1905936511034,268.96472786905923,208.97749704933108,198.62676127400863,261.99988342020066,0.2870511498449405,0.026583387587574663,0.11283527260436112,0.0333799711306056,0.1367468188876308,1.8235022177535345,-0.2579186555330423,1.4246858609047242,0.703028509740484
2026-01-01,DET,Detroit,1430152.3171272278,2470.1905936511034,578.9643604032063,268.96472786905923,203.2893375381102,273.5488428140573,1.1525661189487455,1.1164935462613266,0.4891992926695468,0.383109604905111,0.35742713610090554,7.68501901332701,6.871235589866025,6.754337423944385,7.091990983719992
2022-01-01,PHX,Phoenix,679841.9599195421,9069.517536828636,74.95899943507517,,,,,,,,,,,,0.0
2022-02-01,PHX,Phoenix,680499.8113410473,9069.517536828636,75.03153376987676,74.95899943507517,,,0.0009676534551987058,,,,,-0.11393766357073612,,,-0.03418129907122083
2022-03-01,PHX,Phoenix,714209.0237295926,9069.517536828636,78.74829293062176,75.03153376987676,,,0.04953596140183373,,,,,0.21498091429806854,,,0.06449427428942056
2022-04-01,PHX,Phoenix,711818.0659120679,9069.517536828636,78.48466724074181,78.74829293062176,74.95899943507517,,-0.0033477003763396126,,0.01571863816023094,,,-0.14316248332006448,,0.04942734795584407,-0.033063275404850524
2022-05-01,PHX,Phoenix,711570.0331642032,9069.517536828636,78.45731928680077,78.48466724074181,75.03153376987676,,-0.0003484496386683981,,0.015279937128941906,,,-0.1228506929980562,,0.043214948490263506,-0.02821221820136416
2022-06-01,PHX,Phoenix,712444.2939832807,9069.517536828636,78.55371480238662,78.45731928680077,78.74829293062176,,0.0012286363651233148,,-0.0008225045499615653,,,-0.11217021209446101,,-0.1848100456307444,-0.07061307275448718
2022-07-01,PHX,Phoenix,704509.8076342046,9069.517536828636,77.67886271495678,78.55371480238662,78.48466724074181,,-0.011136991924960673,,-0.0034189350661685855,,,-0.19591381041165293,,-0.22157782687781974,-0.10308970849905982
2022-08-01,PHX,Phoenix,681356.8412369192,9069.517536828636,75.12602941337617,77.67886271495678,78.45731928680077,,-0.03286393765763858,,-0.014257431072491979,,,-0.3430549482021087,,-0.3750606363426982,-0.17792861172917224
2022-09-01,PHX,Phoenix,678411.0111764073,9069.517536828636,74.80122381610491,75.12602941337617,78.55371480238662,,-0.004323476161425262,,-0.01610813524800817,,,-0.149770718136518,,-0.4012682647978718,-0.12518486840052978
2022-10-01,PHX,Phoenix,674559.1128426194,9069.517536828636,74.37651563089588,74.80122381610491,77.67886271495678,,-0.00567782401867049,,-0.014288412612578108,,,-0.1589427521228415,,-0.3754993626946933,-0.12278269817579113
2022-11-01,PHX,Phoenix,698086.7675933838,9069.517536828636,76.97066186361725,74.37651563089588,75.12602941337617,,0.03487856631514165,,0.0082924220450153,,,0.11571681079104104,,-0.05573452250954821,0.023568138735402665
2022-12-01,PHX,Phoenix,705172.8551519513,9069.517536828636,77.7519699684633,76.97066186361725,74.80122381610491,,0.010150726080937584,,0.013117156125802915,,,-0.051747249363949865,,0.012588032687058475,-0.013006568271773263
2023-01-01,PHX,Phoenix,709163.9619325995,9069.517536828636,78.19202720022248,77.7519699684633,74.37651563089588,74.95899943507517,0.005659756684463092,0.04313061526318211,0.01689634969351411,,0.02112192565882347,-0.08216138832806126,-0.14968245138875771,0.06610479792325952,-0.08626868260814534
2023-02-01,PHX,Phoenix,707774.2496491075,9069.517536828636,78.03879829054246,78.19202720022248,76.97066186361725,75.03153376987676,-0.0019596487668449673,0.04008000862529402,0.0046169446661852385,,0.021173530949503645,-0.1337621978107334,-0.16963661466585447,-0.10778257363198483,-0.1465034814025442
2023-03-01,PHX,Phoenix,735647.2909240127,9069.517536828636,81.11206444408602,78.03879829054246,77.7519699684633,78.74829293062176,0.03938125933335914,0.03001679687897197,0.01436045575032576,0.03774247358914937,0.019284281164485433,0.14621034550011883,-0.23546056187168699,0.030194268761423736,-0.06782832353352311
2023-04-01,PHX,Phoenix,756652.0071571469,9069.517536828636,83.42803286774696,81.11206444408602,78.19202720022248,78.48466724074181,0.028552699768324145,0.06298511289908384,0.02199143677827944,0.04436063946778327,0.020542060600817206,0.0728762195426647,-0.0198132369541539,0.13825579376085187,0.039607406137892834
2023-05-01,PHX,Phoenix,738167.2020614743,9069.517536828636,81.38990845587927,83.42803286774696,78.03879829054246,78.45731928680077,-0.024429731132443275,0.03737814643345659,0.014501409323080005,0.04346001873717081,0.02224886006251176,-0.2859360710370409,-0.18730962391540568,0.03219029757739711,-0.1729975737533357
2023-06-01,PHX,Phoenix,746672.814024806,9069.517536828636,82.32773253844958,81.38990845587927,81.11206444408602,78.55371480238662,0.011522608888038029,0.04804378437807879,0.005215192507972966,0.04946901457020641,0.022360394996023488,-0.04245646364397081,-0.11754517826117149,-0.09931084845348125,-0.09137169791447323
2023-07-01,PHX,Phoenix,738685.2655066252,9069.517536828636,81.4470298455284,82.32773253844958,83.42803286774696,77.67886271495678,-0.01069752154913122,0.048509555867198344,-0.007868214597845489,0.04464382889291124,0.022333431842319583,-0.19293759037960817,-0.11449854477251485,-0.28458360943454525,-0.17204727138704892
2023-08-01,PHX,Phoenix,732303.568623215,9069.517536828636,80.74338746791614,81.4470298455284,81.38990845587927,75.12602941337617,-0.0086392638128952,0.07477246033636105,-0.0026047254913294637,0.057108600193879394,0.019609010213980566,-0.17899847583944187,0.057288363903218086,-0.21004789016274372,-0.06706493883277226
2023-09-01,PHX,Phoenix,744426.685315907,9069.517536828636,82.08007562618516,80.74338746791614,82.32773253844958,74.80122381610491,0.016554769377246748,0.09730926098181161,-0.0009273386615932232,0.073530425728457,0.019516276513664735,-0.008377222638977215,0.20470265004468705,-0.18629459053177072,0.06257924012429622
2023-10-01,PHX,Phoenix,716062.4208687544,9069.517536828636,78.95264747667514,82.08007562618516,81.4470298455284,74.37651563089588,-0.03810215969772222,0.06152656933391406,-0.010062218044456889,0.07786943021736224,0.02342618586569467,-0.3785296974126113,-0.02935363986441084,-0.3156526629974273,-0.19136626175547428
2023-11-01,PHX,Phoenix,708907.3305416703,9069.517536828636,78.16373116464098,78.95264747667514,80.74338746791614,76.97066186361725,-0.009992271788824168,0.01550031235456571,-0.010513220703099879,0.058112047556763795,0.021789037012033493,-0.18816143576336358,-0.3304135783674429,-0.32203926452260856,-0.28606307281725224
2023-12-01,PHX,Phoenix,751304.0857701302,9069.517536828636,82.8383740060379,78.16373116464098,82.08007562618516,77.7519699684633,0.059805779122166454,0.06541833010324592,0.0039037825452066916,0.047481737263908565,0.0275377979491393,0.284531079464523,-0.003897447360873653,-0.11788158791107474,0.05983428257670511
2024-01-01,PHX,Phoenix,752181.8780026734,9069.517536828636,82.93515889332421,82.8383740060379,78.95264747667514,78.19202720022248,0.0011683581244516484,0.06066004249968128,0.016993955152597977,0.047192894985830965,0.027567981842815382,-0.1125784337113216,-0.035021633147949,0.06748697863085597,-0.037786950961199786
2024-02-01,PHX,Phoenix,742363.8205561042,9069.517536828636,81.85262529584222,82.93515889332421,78.16373116464098,78.03879829054246,-0.013052770524915885,0.048870908943275664,0.015973788907234072,0.05831642718206762,0.028014594055656136,-0.20888801518117311,-0.11213491709558836,0.0530405110242491,-0.1081257608972963
2024-03-01,PHX,Phoenix,762386.313144207,9069.517536828636,84.06029428229022,81.85262529584222,82.8383740060379,81.11206444408602,0.026971266693875236,0.03634761189239042,0.0050289514311370005,0.048626187778449126,0.026806419877980152,0.062166299023836635,-0.19405039941878496,-0.1019481888828057,-0.09876494777880263
2024-04-01,PHX,Phoenix,774170.681050241,9069.517536828636,85.35963218622844,84.06029428229022,82.93515889332421,83.42803286774696,0.015457213361338033,0.0231528810171458,0.009791903176765796,0.03612380061760396,0.025937632239255607,-0.01581018827328973,-0.28035776235832605,-0.03450052687893942,-0.15182204303693783
2024-05-01,PHX,Phoenix,723911.4444869161,9069.517536828636,79.81807649054376,85.35963218622844,81.85262529584222,81.38990845587927,-0.06492009810439096,-0.019312369250145813,-0.007497206016392565,0.013396041219796803,0.03171009738200014,-0.5601485047177117,-0.5581249863957496,-0.2793297956781207,-0.5029730037488125
2024-06-01,PHX,Phoenix,703201.2279824615,9069.517536828636,77.53457944449289,79.81807649054376,84.06029428229022,82.32773253844958,-0.028608770675166546,-0.058220394831330256,-0.026023885139406493,-0.018126627688110093,0.032360443709747104,-0.31423773113935194,-0.8126242343793868,-0.541684162944162,-0.6089202691203314
2024-07-01,PHX,Phoenix,742243.6367095709,9069.517536828636,81.83937389122832,77.53457944449289,85.35963218622844,81.4470298455284,0.05552096209946217,0.004817168243507838,-0.01266930222669845,-0.024238531945989416,0.03657929492836307,0.25551306378474087,-0.40029253268991216,-0.35257130969604944,-0.1940066091487437
2024-08-01,PHX,Phoenix,813507.2718305588,9069.517536828636,89.69686298385174,81.83937389122832,79.81807649054376,80.74338746791614,0.09601110955548993,0.11088803426154649,0.04097443365992852,0.01916160255790802,0.04546447519725193,0.5297240108403416,0.2935220526386861,0.40707202912770507,0.3870926353969866
2024-09-01,PHX,Phoenix,781915.4850964546,9069.517536828636,86.21357000759151,89.69686298385174,77.53457944449289,82.08007562618516,-0.03883405573378115,0.05035929060581524,0.037566005307056984,0.05535483103695652,0.047476239291709466,-0.38348630828719293,-0.10239934176965514,0.3588056313587467,-0.09448443709923611
2024-10-01,PHX,Phoenix,769668.1443528533,9069.517536828636,84.86318497400308,86.21357000759151,81.83937389122832,78.95264747667514,-0.015663253864438394,0.07486180243764565,0.013837933319090131,0.07870304243500247,0.04603932493793801,-0.22656696064761575,0.05787275484186299,0.022794883209436286,-0.03447473413146597
2024-11-01,PHX,Phoenix,793849.3019458055,9069.517536828636,87.5293860695696,84.86318497400308,89.69686298385174,78.16373116464098,0.03141764118779283,0.11982098046472699,-0.007693222803475568,0.08168069116939597,0.04620246120519861,0.09227842845643773,0.3519528791077406,-0.28210556891882,0.14723885430703762
2024-12-01,PHX,Phoenix,812300.4199700356,9069.517536828636,89.56379616352503,87.5293860695696,86.21357000759151,82.8383740060379,0.023242595262103764,0.08118727870004945,0.012998994195152736,0.09195668720080737,0.04379375429150625,0.036914661556336936,0.09924799627016652,0.010914753933493148,0.06288134738868296
2025-01-01,PHX,Phoenix,796433.2795345187,9069.517536828636,87.81429401293266,89.56379616352503,84.86318497400308,82.93515889332421,-0.01953358639910855,0.05883072010369284,0.011708883350262688,0.08661299308948976,0.04446385940308275,-0.2527779679279563,-0.04698731804571528,-0.007354370941333549,-0.10079792358951124
2025-02-01,PHX,Phoenix,793995.4929736853,9069.517536828636,87.54550501165069,87.81429401293266,87.5293860695696,81.85262529584222,-0.0030608798294545106,0.06955036194908276,0.00021604301118023885,0.06985612025094168,0.044174037927832185,-0.14122005192038184,0.023130369694907747,-0.17010328213201312,-0.0648214871550633
2025-03-01,PHX,Phoenix,851515.2021483183,9069.517536828636,93.88759641188918,87.54550501165069,89.56379616352503,84.06029428229022,0.0724433698725534,0.11690777689401183,0.01661630121466345,0.08176295298226248,0.04788427976069204,0.3701164859372479,0.3328974758356508,0.062139060675648054,0.2899114958341294
2025-04-01,PHX,Phoenix,842761.5861190557,9069.517536828636,92.92242753783202,93.88759641188918,87.81429401293266,85.35963218622844,-0.010280046682875082,0.08859920266647696,0.01970081445340794,0.09168578050319053,0.048207071956323636,-0.19011033027707763,0.1477297438631338,0.10581853035833404,0.037995478920110425
2025-05-01,PHX,Phoenix,835091.1336838603,9069.517536828636,92.07668768408038,92.92242753783202,87.54550501165069,79.81807649054376,-0.00910156865421222,0.15358189187870158,0.017687251511822034,0.11969629047973013,0.0429190353072427,-0.1821293374522231,0.5727846082370079,0.07730467593345207,0.24721443806952748
2025-06-01,PHX,Phoenix,860193.4450247884,9069.517536828636,94.84445468370248,92.07668768408038,93.88759641188918,77.53457944449289,0.030059367568894754,0.22325361617008255,0.0035592507439358204,0.1551449035717537,0.04107565559186381,0.08307980808087194,1.0285106743382522,-0.12276046674981744,0.5146271862434242
2025-07-01,PHX,Phoenix,817039.1627833843,9069.517536828636,90.08628733178244,94.84445468370248,92.92242753783202,81.83937389122832,-0.05016811333660029,0.10076950798175696,-0.009736771473972582,0.15920167201018035,0.04348559847247986,-0.4602438126313539,0.22733629043556808,-0.3110440481176968,-0.08661380819516148
2025-08-01,PHX,Phoenix,827132.5891672969,9069.517536828636,91.19918295637616,90.08628733178244,92.07668768408038,89.69686298385174,0.012353662888725678,0.016748857457756165,-0.002585027626326617,0.11359066053653188,0.033895038172649015,-0.03682832645750123,-0.3222467853963474,-0.20976895075460694,-0.21412568078634547
2025-09-01,PHX,Phoenix,805559.6672645211,9069.517536828636,88.82056448905698,91.19918295637616,94.84445468370248,86.21357000759151,-0.026081576503343938,0.030238795136727375,-0.02129867565040618,0.04925238685874683,0.03267971741845709,-0.29712284391891264,-0.23400846069696815,-0.47477096509284095,-0.30109527654272605
2025-10-01,PHX,Phoenix,793958.3784793615,9069.517536828636,87.54141278798245,88.82056448905698,90.08628733178244,84.86318497400308,-0.01440152636309941,0.03155936010178999,-0.009376479992572554,0.02618233756542451,0.03261628839703661,-0.21802217840289825,-0.22537058238004581,-0.30594199809532496,-0.23928034432995737
2025-11-01,PHX,Phoenix,768765.5002452135,9069.517536828636,84.76365993267927,87.54141278798245,91.19918295637616,87.5293860695696,-0.031730729112524704,-0.031597686915021704,-0.024071277326322683,0.010066822774498552,0.03272163101583092,-0.33538053336564416,-0.6384838342233558,-0.5140334877249868,-0.5226627746663685
2025-12-01,PHX,Phoenix,815507.9108787775,9069.517536828636,89.91745234156507,84.76365993267927,88.82056448905698,89.56379616352503,0.06080190983941728,0.003948651053092225,0.004889884787931058,0.0013034414132868351,0.03690433644403571,0.29127716374749985,-0.4059735449880157,-0.10391749708660493,-0.13638712278707887
2026-01-01,PHX,Phoenix,801692.6722316742,9069.517536828636,88.39419175013849,89.91745234156507,87.54141278798245,87.81429401293266,-0.016940655587529788,0.0066036827343897205,0.004043508379787598,-0.00701511770917992,0.03678093824079936,-0.23521789323905046,-0.38860685633780284,-0.1159029449670915,-0.28804938513403483
2022-01-01,RDU,Raleigh,284294.31357067823,3008.7917137044,94.48786776292246,,,,,,,,,,,,0.0
2022-02-01,RDU,Raleigh,222946.1084915996,3008.7917137044,74.09821938691466,94.48786776292246,,,-0.21579117889681923,,,,,-1.5818909419938938,,,-0.4745672825981681
2022-03-01,RDU,Raleigh,231169.56244802475,3008.7917137044,76.8313610394156,74.09821938691466,,,0.03688538908377049,,,,,0.12930759290800106,,,0.03879227787240032
2022-04-01,RDU,Raleigh,220514.01176041365,3008.7917137044,73.28988934528758,76.8313610394156,94.48786776292246,,-0.04609409030657669,,-0.07499996003987515,,,-0.4326533546167884,,-1.2352292422522773,-0.376841854835492
2022-05-01,RDU,Raleigh,212476.08334231377,3008.7917137044,70.61840883652093,73.28988934528758,74.09821938691466,,-0.03645087381945162,,-0.015219858347419275,,,-0.36734671357606535,,-0.3886894684219173,-0.18794190775720307
2022-06-01,RDU,Raleigh,212546.59381455183,3008.7917137044,70.64184364987705,70.61840883652093,76.8313610394156,,0.0003318513365313733,,-0.027404370929832316,,,-0.11824349874431914,,-0.5612330779797243,-0.14771966521924063
2022-07-01,RDU,Raleigh,205959.6696717739,3008.7917137044,68.45261795081123,70.64184364987705,73.28988934528758,,-0.030990494952485938,,-0.022369839145135396,,,-0.3303674543125838,,-0.4899395994191663,-0.1970981561776084
2022-08-01,RDU,Raleigh,208423.18884336948,3008.7917137044,69.27139153369993,68.45261795081123,70.61840883652093,,0.011961172668035152,,-0.006232490315973137,,,-0.03948638334016612,,-0.261420288790683,-0.06412997276018643
2022-09-01,RDU,Raleigh,202641.61755621436,3008.7917137044,67.3498323706574,69.27139153369993,70.64184364987705,,-0.02773957791951832,,-0.015589633401323036,,,-0.3083513073134322,,-0.39392581432360557,-0.1712905550587508
2022-10-01,RDU,Raleigh,206547.363640368,3008.7917137044,68.64794352483393,67.3498323706574,68.45261795081123,,0.019274155680632288,,0.001165250143049706,,,0.010039245082489873,,-0.15666165911730437,-0.02832055829871391
2022-11-01,RDU,Raleigh,220994.86249649525,3008.7917137044,73.44970457406909,68.64794352483393,69.27139153369993,,0.06994763138823057,,0.02049406971644818,,,0.35321462569748246,,0.11705173525347679,0.1293747347599401
2022-12-01,RDU,Raleigh,255230.30880224705,3008.7917137044,84.82817459238797,73.44970457406909,67.3498323706574,,0.15491512299881965,,0.08137897002256084,,,0.9286389648847168,,0.9792364468148668,0.47443897882838837
2023-01-01,RDU,Raleigh,240881.87743663788,3008.7917137044,80.05933954798954,84.82817459238797,68.64794352483393,94.48786776292246,-0.0562175841613166,-0.15270244272137926,0.056215056741911205,,0.08763388593993929,-0.5012125723977187,-1.4306358085158986,0.6228929001464569,-0.7411030959479734
2023-02-01,RDU,Raleigh,250626.9171296358,3008.7917137044,83.29819441740817,80.05933954798954,73.44970457406909,74.09821938691466,0.04045567809708425,0.12415919176754428,0.04638440564486244,,0.05969561160635401,0.15348661899493196,0.38032932580913875,0.48368207713524297,0.33294706403009755
2023-03-01,RDU,Raleigh,239979.7732530236,3008.7917137044,79.75951680535655,83.29819441740817,84.82817459238797,76.8313610394156,-0.042482044620550385,0.03811146550480566,-0.019414650228260912,0.0031894048503235614,0.060992670030100345,-0.4081915403087765,-0.1825129489517537,-0.4480914779457861,-0.303332232157667
2023-04-01,RDU,Raleigh,227924.49966013432,3008.7917137044,75.75283414334969,79.75951680535655,80.05933954798954,73.28988934528758,-0.05023454030927357,0.033605519397887786,-0.017420302277579902,0.06529205889007923,0.06131724646988689,-0.460693675233276,-0.21198655699368837,-0.4198497249993939,-0.32817132606670574
2023-05-01,RDU,Raleigh,218155.64928865436,3008.7917137044,72.50606557276869,75.75283414334969,83.29819441740817,70.61840883652093,-0.04286002771113521,0.026730377635916725,-0.04519220421365305,0.03281578751287006,0.061731908331386455,-0.4107513507256891,-0.2569571866277113,-0.8131247265166498,-0.41432894383489227
2023-06-01,RDU,Raleigh,216678.5281350017,3008.7917137044,72.01513057486748,72.50606557276869,79.75951680535655,70.64184364987705,-0.006770950733887127,0.019440134260890408,-0.03328850625143197,0.026592010431564967,0.061802859334106904,-0.16634572125642783,-0.304643015678341,-0.6445577034539366,-0.33113676490688615
2023-07-01,RDU,Raleigh,204020.3897073865,3008.7917137044,67.80808015992514,72.01513057486748,75.75283414334969,68.45261795081123,-0.058418979197276635,-0.00941582382355695,-0.03601665254743299,0.012251562691083392,0.06366436676934498,-0.5161210539810386,-0.4933912115233291,-0.6831906980961034,-0.5381700615751968
2023-08-01,RDU,Raleigh,207516.23512125012,3008.7917137044,68.96995700169549,67.80808015992514,72.50606557276869,69.27139153369993,0.017134784512849617,-0.004351501035716748,-0.01601838180610472,0.0018909364672055676,0.06376288998966557,-0.004449192991444575,-0.46026523502363714,-0.3999972756851345,-0.31146683054627883
2023-09-01,RDU,Raleigh,211199.4534854889,3008.7917137044,70.19410899183241,68.96995700169549,72.01513057486748,67.3498323706574,0.01774906123410841,0.04223138382173897,-0.007845044483439536,0.00948801965415509,0.06322180690538588,-0.00028913401231860564,-0.155564367065332,-0.2842554998654156,-0.1347200237094447
2023-10-01,RDU,Raleigh,211172.2681528926,3008.7917137044,70.1850736928875,70.19410899183241,67.80808015992514,68.64794352483393,-0.00012871876393445004,0.022391496221550997,0.011585042327674525,0.020090459669191072,0.06307730092641917,-0.12136261219213706,-0.28533801656065594,-0.00910807072244206,-0.1808994060824575
2023-11-01,RDU,Raleigh,231574.6328639686,3008.7917137044,76.9659899717205,70.1850736928875,68.96995700169549,73.44970457406909,0.09661479175051685,0.047873377000522556,0.0380783780735636,0.03749875234793751,0.06602835346413603,0.5338123206346862,-0.11865982103193953,0.3660612885690135,0.1740260433882388
2023-12-01,RDU,Raleigh,250375.66128599644,3008.7917137044,83.21468719339695,76.9659899717205,70.19410899183241,84.82817459238797,0.08118777168944881,-0.019020654478822153,0.0592246148920104,0.017081406247750466,0.05304725305585415,0.42933609501003833,-0.5562168661861367,0.6655109386506605,-0.01620541685992477
2024-01-01,RDU,Raleigh,245351.12494170663,3008.7917137044,81.54473565723575,83.21468719339695,70.1850736928875,80.05933954798954,-0.02006799030897177,0.01855368927139134,0.05257819104366463,0.015802137264363914,0.050552810561262734,-0.2563971052105002,-0.3104412945639053,0.5713916249983488,-0.11786145384543292
2024-02-01,RDU,Raleigh,244717.7315503955,3008.7917137044,81.33422145366819,81.54473565723575,76.9659899717205,83.29819441740817,-0.002581579324169112,-0.023577617467894763,0.01951273401876931,-0.008014860891775194,0.049136100613537716,-0.13797409077338257,-0.5860241780834818,0.10315514297535482,-0.3137732876786847
2024-03-01,RDU,Raleigh,265724.3296780586,3008.7917137044,88.31596034638801,81.33422145366819,83.21468719339695,79.75951680535655,0.0858401146274812,0.10727802629387062,0.02106351499811344,0.03408469936578906,0.05307090970379517,0.46084310210233737,0.2699088186268131,0.1251155903875759,0.2982304580216229
2024-04-01,RDU,Raleigh,225783.8898102641,3008.7917137044,75.04138248648684,88.31596034638801,81.54473565723575,75.75283414334969,-0.15030780175900654,-0.009391749693701814,-0.022349755485231482,0.024769553044091345,0.06887094034749235,-1.1384186409641393,-0.4932337414936251,-0.489655196809746,-0.6860735023980036
2024-05-01,RDU,Raleigh,201573.61616802216,3008.7917137044,66.99487214415595,75.04138248648684,81.33422145366819,72.50606557276869,-0.10722763994626398,-0.0760101018456392,-0.057231775692596444,0.007292058251509868,0.07488011847528445,-0.8466673702924378,-0.9289875550404152,-0.9836158402526674,-0.9152171566584724
2024-06-01,RDU,Raleigh,212205.52431619167,3008.7917137044,70.52848601970057,66.99487214415595,88.31596034638801,72.01513057486748,0.052744542417234225,-0.020643502876404447,-0.06826363309601209,-0.035348451471915156,0.07662440743572022,0.23671034958582787,-0.5668319948287959,-1.1398368202580396,-0.4403702565902575
2024-07-01,RDU,Raleigh,204283.48566895723,3008.7917137044,67.89552255760671,70.52848601970057,75.04138248648684,67.80808015992514,-0.037331915240012316,0.0012895571954749045,-0.03060500425634736,-0.031788015842189585,0.0753682300949174,-0.3733133799753302,-0.4233668045269623,-0.6065569120923031,-0.44498879867454083
2024-08-01,RDU,Raleigh,219018.67200773957,3008.7917137044,72.7928992260104,67.89552255760671,66.99487214415595,68.96995700169549,0.07213106967765748,0.055429093920138804,0.029181232284959793,0.01202504941306975,0.07794701001248813,0.3680014990184904,-0.069237516885273,0.24006973669162845,0.12379563860123632
2024-09-01,RDU,Raleigh,214508.89597442743,3008.7917137044,71.29403308224545,72.7928992260104,70.52848601970057,70.19410899183241,-0.020590829046542237,0.01566974930248099,0.004736108463700973,0.024129466806031563,0.07826867980180557,-0.25993791981341685,-0.32930528322316466,-0.10609510754641832,-0.26385303906489105
2024-10-01,RDU,Raleigh,224609.10933184624,3008.7917137044,74.65093323303171,71.29403308224545,67.89552255760671,70.1850736928875,0.047085288987841506,0.06362976207285474,0.032875176539652246,0.044909535098491514,0.07921284633554164,0.19838425447375854,-0.015596556012695238,0.2923792953136061,0.11019285739850118
2024-11-01,RDU,Raleigh,232792.7209509015,3008.7917137044,77.37083291295328,74.65093323303171,72.7928992260104,76.9659899717205,0.0364349052600733,0.005260023828466611,0.020976455067124186,0.028186511734600777,0.07488815254684855,0.12625678663313172,-0.3973957932215423,0.12388274380145789,-0.13604431186054003
2024-12-01,RDU,Raleigh,255372.89369034767,3008.7917137044,84.87556401035638,77.37083291295328,71.29403308224545,83.21468719339695,0.09699690199595462,0.019958938415515905,0.06017236541462314,0.029616241438945742,0.07650810091807433,0.5364000813336298,-0.30124949299938947,0.6789319347738813,0.14608166485517046
2025-01-01,RDU,Raleigh,268559.7768409848,3008.7917137044,89.25834766752139,84.87556401035638,74.65093323303171,81.54473565723575,0.05163775591087944,0.0945936233420261,0.061689854388969116,0.03993752852866953,0.07721795985426487,0.22921487241016444,0.1869395349341713,0.7004209375819013,0.30231841670651527
2025-02-01,RDU,Raleigh,290401.9097439945,3008.7917137044,96.51778433890128,89.25834766752139,77.37083291295328,81.33422145366819,0.08133061905224348,0.186681111761577,0.07665509231969252,0.100411224506373,0.07969497276454034,0.4303034985167522,0.789288181554038,0.9123421082478064,0.706203561981606
2025-03-01,RDU,Raleigh,271503.761310935,3008.7917137044,90.23680837536666,96.51778433890128,84.87556401035638,88.31596034638801,-0.06507584075366182,0.021749727019270457,0.022630844736487032,0.10100815404095785,0.07981967651057668,-0.5612032388206163,-0.28953585947146254,0.1473103830472849,-0.2836668247724592
2025-04-01,RDU,Raleigh,256633.8927642405,3008.7917137044,85.29466881849223,90.23680837536666,89.25834766752139,75.04138248648684,-0.05476855449403915,0.13663509376112254,-0.012837925398485836,0.11502197751398997,0.06661197663449872,-0.49139932590837637,0.46193479480571203,-0.35495916481282086,0.01255576666777894
2025-05-01,RDU,Raleigh,242233.38981330395,3008.7917137044,80.50852729684905,85.29466881849223,96.51778433890128,66.99487214415595,-0.0561130207542997,0.20171178360658934,-0.058652472000666894,0.12003220146232745,0.05949434300461014,-0.5005044388722331,0.8876045217975879,-1.0037341722271236,0.09290409479169925
2025-06-01,RDU,Raleigh,251654.22328859568,3008.7917137044,83.63962920476175,80.50852729684905,90.23680837536666,70.52848601970057,0.038891556125076936,0.18589854858643745,-0.02399667304108731,0.17474847531804974,0.05886968005654767,0.14289393425056585,0.7841693985626694,-0.5129770242369379,0.33235747470911686
2025-07-01,RDU,Raleigh,227160.19907355309,3008.7917137044,75.49881171198629,83.63962920476175,85.29466881849223,67.89552255760671,-0.09733206101195847,0.11198513345159816,-0.038184508547060424,0.16653182188154161,0.06592569665627655,-0.7796516580333951,0.30069823068064333,-0.7138894803943108,-0.22632427814855902
2025-08-01,RDU,Raleigh,224167.84492385387,3008.7917137044,74.5042748897564,75.49881171198629,80.50852729684905,72.7928992260104,-0.013172880468951747,0.02351020060943647,-0.02387112845194443,0.107131294215824,0.06326681351184862,-0.20970143433556462,-0.2780205178909077,-0.5111992004278485,-0.3041605293316929
2025-09-01,RDU,Raleigh,225546.23258394003,3008.7917137044,74.96239488982417,74.5042748897564,83.63962920476175,71.29403308224545,0.006148908914899759,0.05145398077489688,-0.03478534418867015,0.062316438278643825,0.06279970882589894,-0.07884870845925951,-0.09523892124857156,-0.6657542690832357,-0.20442492697871076
2025-10-01,RDU,Raleigh,224072.264069438,3008.7917137044,74.4725077009608,74.96239488982417,75.49881171198629,74.65093323303171,-0.006535105896541517,-0.002390131299684188,-0.004519692483531175,0.02419135002821637,0.06150531259206732,-0.16474851205196775,-0.4474358221870335,-0.2371655376503796,-0.320575572239183
2025-11-01,RDU,Raleigh,239947.13359707597,3008.7917137044,79.74866871115347,74.4725077009608,74.5042748897564,77.37083291295328,0.07084709744673465,0.030732974024919698,0.023486966821697625,0.02659894116671078,0.06403073516055972,0.35930606905452694,-0.23077601305832066,0.1594338384424237,0.024290581875682497
2025-12-01,RDU,Raleigh,270399.8630256653,3008.7917137044,89.86991748018049,79.74866871115347,74.96239488982417,84.87556401035638,0.12691432888598783,0.05884324337703019,0.06374210681206031,0.02906202870075521,0.06839723293145399,0.7390095178611676,-0.04690540271850347,0.7294826697118363,0.34414668794146586
2026-01-01,RDU,Raleigh,281745.5778451562,3008.7917137044,93.64077166321138,89.86991748018049,74.4725077009608,89.25834766752139,0.041959025764794974,0.0490981976499732,0.07990681736583916,0.04622480501730767,0.06787676957425351,0.16366772263661347,-0.11064821084242729,0.9583894468636738,0.18545410074250518
